caseyear,state,st_case,statename,ve_total,ve_forms,pvh_invl,peds,pernotmvit,permvit,persons,county,countyname,city,cityname,day,dayname,month,monthname,year,day_week,day_weekname,hour,hourname,minute,minutename,nhs,nhsname,rur_urb,rur_urbname,func_sys,func_sysname,rd_owner,rd_ownername,route,routename,tway_id,tway_id2,milept,mileptname,latitude,latitudename,longitud,longitudname,sp_jur,sp_jurname,harm_ev,harm_evname,man_coll,man_collname,reljct1,reljct1name,reljct2,reljct2name,typ_int,typ_intname,wrk_zone,wrk_zonename,road_fnc,road_fncname,rel_road,rel_roadname,lgt_cond,lgt_condname,weather1,weather1name,weather2,weather2name,weather,weathername,sch_bus,sch_busname,rail,railname,not_hour,not_hourname,not_min,not_minname,arr_hour,arr_hourname,arr_min,arr_minname,hosp_hr,hosp_hrname,hosp_mn,hosp_mnname,cf1,cf1name,cf2,cf2name,cf3,cf3name,fatals,drunk_dr
2018,31,310070,Nebraska,2,2,0,0,0,2,2,73,GOSPER (73),0,NOT APPLICABLE,22,22,5,May,2018,3,Tuesday,9,9:00am-9:59am,21,21,0,This section IS NOT on the NHS,1,Rural,4,Minor Arterial,1,State Highway Agency,3,State Highway,SR-23,,1360,1360,40.59045833,40.59045833,-99.808661110,-99.808661110,0,No Special Jurisdiction,12,Motor Vehicle In-Transport,2,Front-to-Front,0,No,1,Non-Junction,1,Not an Intersection,0,None,,,1,On Roadway,1,Daylight,1,Clear,0,No Additional Atmospheric Conditions,1,Clear,0,No,0000000,Not Applicable,9,9:00am-9:59am,22,22,9,9:00am-9:59am,34,34,88,Not Applicable (Not Transported),88,Not Applicable (Not Transported),0,None,0,None,0,None,1,0
2018,31,310071,Nebraska,2,2,0,0,0,2,2,113,LOGAN (113),0,NOT APPLICABLE,24,24,5,May,2018,5,Thursday,11,11:00am-11:59am,7,7,1,This section IS ON the NHS,1,Rural,3,Principal Arterial - Other,1,State Highway Agency,2,U.S. Highway,US-83,,1231,1231,41.71371667,41.71371667,-100.512661100,-100.51266111,0,No Special Jurisdiction,12,Motor Vehicle In-Transport,2,Front-to-Front,0,No,1,Non-Junction,1,Not an Intersection,0,None,,,1,On Roadway,1,Daylight,10,Cloudy,0,No Additional Atmospheric Conditions,10,Cloudy,0,No,0000000,Not Applicable,88,Not Applicable (Not Notified),88,Not Applicable (Not Notified),88,Not Applicable,88,Not Applicable,88,Not Applicable (Not Transported),88,Not Applicable (Not Transported),0,None,0,None,0,None,1,0
2018,31,310072,Nebraska,2,2,0,0,0,2,2,179,WAYNE (179),5150,WAYNE,24,24,5,May,2018,5,Thursday,22,10:00pm-10:59pm,45,45,0,This section IS NOT on the NHS,2,Urban,4,Minor Arterial,1,State Highway Agency,3,State Highway,SR-15,,1642,1642,42.22928333,42.22928333,-97.017780560,-97.017780560,0,No Special Jurisdiction,12,Motor Vehicle In-Transport,6,Angle,0,No,8,Driveway Access Related,1,Not an Intersection,0,None,,,1,On Roadway,3,Dark - Lighted,1,Clear,0,No Additional Atmospheric Conditions,1,Clear,0,No,0000000,Not Applicable,22,10:00pm-10:59pm,45,45,22,10:00pm-10:59pm,51,51,99,Unknown,99,Unknown EMS Hospital Arrival Time,0,None,0,None,0,None,1,0
2018,31,310073,Nebraska,2,2,0,0,0,9,9,55,DOUGLAS (55),3620,OMAHA,28,28,5,May,2018,2,Monday,17,5:00pm-5:59pm,41,41,0,This section IS NOT on the NHS,2,Urban,7,Local,4,City or Municipal Highway Agency,6,Local Street - Municipality,BELVEDERE BLVD,FONTENELLE BLVD,0,None,41.31581389,41.31581389,-95.967477780,-95.967477780,0,No Special Jurisdiction,12,Motor Vehicle In-Transport,6,Angle,0,No,2,Intersection,2,Four-Way Intersection,0,None,,,1,On Roadway,1,Daylight,1,Clear,0,No Additional Atmospheric Conditions,1,Clear,0,No,0000000,Not Applicable,17,5:00pm-5:59pm,49,49,17,5:00pm-5:59pm,54,54,99,Unknown,99,Unknown EMS Hospital Arrival Time,0,None,0,None,0,None,1,0
2018,31,310074,Nebraska,3,3,0,0,0,4,4,159,SEWARD (159),0,NOT APPLICABLE,30,30,5,May,2018,4,Wednesday,16,4:00pm-4:59pm,15,15,1,This section IS ON the NHS,1,Rural,1,Interstate,1,State Highway Agency,1,Interstate,I-80,,3690,3690,40.82224444,40.82224444,-97.302433330,-97.302433330,0,No Special Jurisdiction,12,Motor Vehicle In-Transport,1,Front-to-Rear,0,No,1,Non-Junction,1,Not an Intersection,0,None,,,1,On Roadway,1,Daylight,1,Clear,0,No Additional Atmospheric Conditions,1,Clear,0,No,0000000,Not Applicable,99,Unknown,99,Unknown,99,Unknown EMS Scene Arrival Hour,99,Unknown EMS Scene Arrival Minutes,99,Unknown,99,Unknown EMS Hospital Arrival Time,0,None,0,None,0,None,1,0
2018,31,310075,Nebraska,3,3,0,0,0,5,5,23,BUTLER (23),0,NOT APPLICABLE,24,24,5,May,2018,5,Thursday,19,7:00pm-7:59pm,19,19,0,This section IS NOT on the NHS,1,Rural,4,Minor Arterial,1,State Highway Agency,3,State Highway,SR-15,CR-34 RD,901,901,41.23535833,41.23535833,-97.129108330,-97.129108330,0,No Special Jurisdiction,12,Motor Vehicle In-Transport,1,Front-to-Rear,0,No,2,Intersection,2,Four-Way Intersection,0,None,,,1,On Roadway,1,Daylight,1,Clear,0,No Additional Atmospheric Conditions,1,Clear,0,No,0000000,Not Applicable,19,7:00pm-7:59pm,20,20,19,7:00pm-7:59pm,27,27,19,7:00pm-7:59pm,39,39,0,None,0,None,0,None,1,0
2018,31,310076,Nebraska,1,1,0,0,0,1,1,83,HARLAN (83),0,NOT APPLICABLE,10,10,6,June,2018,1,Sunday,99,Unknown Hours,99,Unknown Minutes,0,This section IS NOT on the NHS,1,Rural,4,Minor Arterial,1,State Highway Agency,2,U.S. Highway,US-136,,310,310,40.10241944,40.10241944,-99.342738890,-99.342738890,0,No Special Jurisdiction,35,Embankment,0,Not a Collision with Motor Vehicle In-Transport,0,No,1,Non-Junction,1,Not an Intersection,0,None,,,4,On Roadside,2,Dark - Not Lighted,1,Clear,0,No Additional Atmospheric Conditions,1,Clear,0,No,0000000,Not Applicable,88,Not Applicable (Not Notified),88,Not Applicable (Not Notified),88,Not Applicable,88,Not Applicable,88,Not Applicable (Not Transported),88,Not Applicable (Not Transported),0,None,0,None,0,None,1,1
2018,31,310077,Nebraska,1,1,0,0,0,1,1,53,DODGE (53),0,NOT APPLICABLE,20,20,6,June,2018,4,Wednesday,21,9:00pm-9:59pm,0,0,0,This section IS NOT on the NHS,1,Rural,7,Local,2,County Highway Agency,4,County Road,CR-4,,0,None,41.46242778,41.46242778,-96.847741670,-96.847741670,0,No Special Jurisdiction,10,Railway Vehicle,0,Not a Collision with Motor Vehicle In-Transport,0,No,6,Railway Grade Crossing,1,Not an Intersection,0,None,,,1,On Roadway,1,Daylight,10,Cloudy,0,No Additional Atmospheric Conditions,10,Cloudy,0,No,816690K,816690K,99,Unknown,99,Unknown,99,Unknown EMS Scene Arrival Hour,99,Unknown EMS Scene Arrival Minutes,99,Unknown,99,Unknown EMS Hospital Arrival Time,0,None,0,None,0,None,1,0
2018,31,310078,Nebraska,1,1,0,0,0,1,1,155,SAUNDERS (155),0,NOT APPLICABLE,24,24,6,June,2018,1,Sunday,14,2:00pm-2:59pm,29,29,0,This section IS NOT on the NHS,1,Rural,4,Minor Arterial,1,State Highway Agency,2,U.S. Highway,US-6,,3370,3370,41.02065833,41.02065833,-96.377916670,-96.377916670,0,No Special Jurisdiction,11,Live Animal,0,Not a Collision with Motor Vehicle In-Transport,0,No,1,Non-Junction,1,Not an Intersection,0,None,,,1,On Roadway,1,Daylight,1,Clear,0,No Additional Atmospheric Conditions,1,Clear,0,No,0000000,Not Applicable,88,Not Applicable (Not Notified),88,Not Applicable (Not Notified),88,Not Applicable,88,Not Applicable,88,Not Applicable (Not Transported),88,Not Applicable (Not Transported),0,None,0,None,0,None,1,0
2018,31,310079,Nebraska,1,1,0,1,1,1,1,185,YORK (185),0,NOT APPLICABLE,6,6,6,June,2018,4,Wednesday,6,6:00am-6:59am,24,24,0,This section IS NOT on the NHS,1,Rural,5,Major Collector,2,County Highway Agency,4,County Road,CR-3,,0,None,40.72753611,40.72753611,-97.719641670,-97.719641670,0,No Special Jurisdiction,8,Pedestrian,0,Not a Collision with Motor Vehicle In-Transport,0,No,1,Non-Junction,1,Not an Intersection,0,None,,,1,On Roadway,4,Dawn,1,Clear,0,No Additional Atmospheric Conditions,1,Clear,0,No,0000000,Not Applicable,88,Not Applicable (Not Notified),88,Not Applicable (Not Notified),88,Not Applicable,88,Not Applicable,88,Not Applicable (Not Transported),88,Not Applicable (Not Transported),0,None,0,None,0,None,1,0
2018,31,310080,Nebraska,2,2,0,0,0,8,8,109,LANCASTER (109),0,NOT APPLICABLE,10,10,6,June,2018,1,Sunday,17,5:00pm-5:59pm,7,7,0,This section IS NOT on the NHS,1,Rural,4,Minor Arterial,1,State Highway Agency,2,U.S. Highway,US-6,,3270,3270,40.92625000,40.92625000,-96.509038890,-96.509038890,0,No Special Jurisdiction,12,Motor Vehicle In-Transport,2,Front-to-Front,0,No,1,Non-Junction,1,Not an Intersection,0,None,,,1,On Roadway,1,Daylight,1,Clear,0,No Additional Atmospheric Conditions,1,Clear,0,No,0000000,Not Applicable,88,Not Applicable (Not Notified),88,Not Applicable (Not Notified),88,Not Applicable,88,Not Applicable,88,Not Applicable (Not Transported),88,Not Applicable (Not Transported),0,None,0,None,0,None,1,1
2018,31,310081,Nebraska,1,1,0,0,0,1,1,25,CASS (25),0,NOT APPLICABLE,30,30,6,June,2018,7,Saturday,23,11:00pm-11:59pm,12,12,0,This section IS NOT on the NHS,1,Rural,4,Minor Arterial,1,State Highway Agency,2,U.S. Highway,US-6,,3300,3300,40.94939167,40.94939167,-96.456502780,-96.456502780,0,No Special Jurisdiction,24,Guardrail Face,0,Not a Collision with Motor Vehicle In-Transport,0,No,1,Non-Junction,1,Not an Intersection,0,None,,,4,On Roadside,2,Dark - Not Lighted,2,Rain,0,No Additional Atmospheric Conditions,2,Rain,0,No,0000000,Not Applicable,88,Not Applicable (Not Notified),88,Not Applicable (Not Notified),88,Not Applicable,88,Not Applicable,88,Not Applicable (Not Transported),88,Not Applicable (Not Transported),0,None,0,None,0,None,1,0
2018,31,310082,Nebraska,1,1,0,1,1,1,1,55,DOUGLAS (55),3620,OMAHA,6,6,6,June,2018,4,Wednesday,1,1:00am-1:59am,7,7,0,This section IS NOT on the NHS,2,Urban,6,Minor Collector,4,City or Municipal Highway Agency,6,Local Street - Municipality,BURT ST,,0,None,41.26691389,41.26691389,-95.951933330,-95.951933330,0,No Special Jurisdiction,8,Pedestrian,0,Not a Collision with Motor Vehicle In-Transport,0,No,1,Non-Junction,1,Not an Intersection,0,None,,,1,On Roadway,3,Dark - Lighted,10,Cloudy,0,No Additional Atmospheric Conditions,10,Cloudy,0,No,0000000,Not Applicable,99,Unknown,99,Unknown,99,Unknown EMS Scene Arrival Hour,99,Unknown EMS Scene Arrival Minutes,99,Unknown,99,Unknown EMS Hospital Arrival Time,0,None,0,None,0,None,1,0
2018,31,310083,Nebraska,2,2,0,0,0,3,3,1,ADAMS (1),0,NOT APPLICABLE,15,15,6,June,2018,6,Friday,12,12:00pm-12:59pm,49,49,0,This section IS NOT on the NHS,1,Rural,5,Major Collector,2,County Highway Agency,4,County Road,CR-SHOWBOAT BLVD,CR-J STREET,0,None,40.56800833,40.56800833,-98.354425000,-98.354425000,0,No Special Jurisdiction,12,Motor Vehicle In-Transport,2,Front-to-Front,0,No,2,Intersection,2,Four-Way Intersection,0,None,,,1,On Roadway,1,Daylight,1,Clear,0,No Additional Atmospheric Conditions,1,Clear,0,No,0000000,Not Applicable,99,Unknown,99,Unknown,99,Unknown EMS Scene Arrival Hour,99,Unknown EMS Scene Arrival Minutes,99,Unknown,99,Unknown EMS Hospital Arrival Time,0,None,0,None,0,None,1,0
2018,31,310084,Nebraska,1,1,0,0,0,3,3,29,CHASE (29),0,NOT APPLICABLE,1,1,7,July,2018,1,Sunday,4,4:00am-4:59am,0,0,0,This section IS NOT on the NHS,1,Rural,7,Local,2,County Highway Agency,4,County Road,CR-315 AVE,,0,None,40.34947500,40.34947500,-101.968536100,-101.96853611,0,No Special Jurisdiction,35,Embankment,0,Not a Collision with Motor Vehicle In-Transport,0,No,1,Non-Junction,1,Not an Intersection,0,None,,,4,On Roadside,2,Dark - Not Lighted,1,Clear,0,No Additional Atmospheric Conditions,1,Clear,0,No,0000000,Not Applicable,6,6:00am-6:59am,26,26,7,7:00am-7:59am,1,1,7,7:00am-7:59am,49,49,0,None,0,None,0,None,1,1
2018,31,310085,Nebraska,1,1,0,1,1,1,1,55,DOUGLAS (55),3620,OMAHA,3,3,7,July,2018,3,Tuesday,21,9:00pm-9:59pm,9,9,0,This section IS NOT on the NHS,2,Urban,7,Local,4,City or Municipal Highway Agency,6,Local Street - Municipality,1112 PARK AVE,,0,None,41.24846667,41.24846667,-95.955983330,-95.955983330,0,No Special Jurisdiction,8,Pedestrian,0,Not a Collision with Motor Vehicle In-Transport,0,No,1,Non-Junction,1,Not an Intersection,0,None,,,1,On Roadway,3,Dark - Lighted,10,Cloudy,0,No Additional Atmospheric Conditions,10,Cloudy,0,No,0000000,Not Applicable,21,9:00pm-9:59pm,9,9,21,9:00pm-9:59pm,13,13,21,9:00pm-9:59pm,26,26,0,None,0,None,0,None,1,0
2018,31,310086,Nebraska,1,1,0,0,0,1,1,25,CASS (25),0,NOT APPLICABLE,3,3,7,July,2018,3,Tuesday,7,7:00am-7:59am,40,40,0,This section IS NOT on the NHS,1,Rural,7,Local,2,County Highway Agency,4,County Road,CR-FEDDE LANE,,0,None,41.02296944,41.02296944,-96.299402780,-96.299402780,0,No Special Jurisdiction,10,Railway Vehicle,0,Not a Collision with Motor Vehicle In-Transport,0,No,6,Railway Grade Crossing,1,Not an Intersection,0,None,,,1,On Roadway,1,Daylight,1,Clear,0,No Additional Atmospheric Conditions,1,Clear,0,No,073010G,073010G,88,Not Applicable (Not Notified),88,Not Applicable (Not Notified),88,Not Applicable,88,Not Applicable,88,Not Applicable (Not Transported),88,Not Applicable (Not Transported),0,None,0,None,0,None,1,0
2018,31,310087,Nebraska,1,1,0,0,0,2,2,159,SEWARD (159),4370,SEWARD,6,6,7,July,2018,6,Friday,13,1:00pm-1:59pm,11,11,0,This section IS NOT on the NHS,2,Urban,4,Minor Arterial,4,City or Municipal Highway Agency,6,Local Street - Municipality,COLUMBIA AVE,,0,None,40.91287500,40.91287500,-97.091902780,-97.091902780,0,No Special Jurisdiction,40,Fire Hydrant,0,Not a Collision with Motor Vehicle In-Transport,0,No,1,Non-Junction,1,Not an Intersection,0,None,,,4,On Roadside,1,Daylight,1,Clear,0,No Additional Atmospheric Conditions,1,Clear,0,No,0000000,Not Applicable,13,1:00pm-1:59pm,13,13,13,1:00pm-1:59pm,18,18,13,1:00pm-1:59pm,20,20,0,None,0,None,0,None,2,0
2018,31,310088,Nebraska,1,1,0,0,0,1,1,55,DOUGLAS (55),3620,OMAHA,8,8,7,July,2018,1,Sunday,6,6:00am-6:59am,9,9,0,This section IS NOT on the NHS,2,Urban,4,Minor Arterial,4,City or Municipal Highway Agency,6,Local Street - Municipality,N 36 AVE,REDICK AVE,0,None,41.31766667,41.31766667,-95.967436110,-95.967436110,0,No Special Jurisdiction,33,Curb,0,Not a Collision with Motor Vehicle In-Transport,0,No,3,Intersection-Related,2,Four-Way Intersection,0,None,,,4,On Roadside,4,Dawn,1,Clear,0,No Additional Atmospheric Conditions,1,Clear,0,No,0000000,Not Applicable,6,6:00am-6:59am,10,10,6,6:00am-6:59am,15,15,6,6:00am-6:59am,31,31,0,None,0,None,0,None,1,1
2018,31,310089,Nebraska,1,1,0,0,0,1,1,109,LANCASTER (109),0,NOT APPLICABLE,9,9,7,July,2018,2,Monday,99,Unknown Hours,99,Unknown Minutes,0,This section IS NOT on the NHS,1,Rural,5,Major Collector,2,County Highway Agency,4,County Road,CR-S 68TH ST,,0,None,40.55854722,40.55854722,-96.629347220,-96.629347220,0,No Special Jurisdiction,1,Rollover/Overturn,0,Not a Collision with Motor Vehicle In-Transport,0,No,1,Non-Junction,1,Not an Intersection,0,None,,,4,On Roadside,5,Dusk,1,Clear,0,No Additional Atmospheric Conditions,1,Clear,0,No,0000000,Not Applicable,21,9:00pm-9:59pm,5,5,21,9:00pm-9:59pm,23,23,21,9:00pm-9:59pm,54,54,0,None,0,None,0,None,1,1
2018,31,310090,Nebraska,1,1,0,0,0,1,1,55,DOUGLAS (55),3620,OMAHA,12,12,7,July,2018,5,Thursday,13,1:00pm-1:59pm,53,53,0,This section IS NOT on the NHS,2,Urban,3,Principal Arterial - Other,4,City or Municipal Highway Agency,6,Local Street - Municipality,715 S SADDLE CREEK RD,,0,None,41.25249167,41.25249167,-95.984769440,-95.984769440,0,No Special Jurisdiction,33,Curb,0,Not a Collision with Motor Vehicle In-Transport,0,No,1,Non-Junction,1,Not an Intersection,0,None,,,4,On Roadside,1,Daylight,1,Clear,0,No Additional Atmospheric Conditions,1,Clear,0,No,0000000,Not Applicable,13,1:00pm-1:59pm,53,53,13,1:00pm-1:59pm,59,59,14,2:00pm-2:59pm,9,9,0,None,0,None,0,None,1,0
2018,31,310091,Nebraska,1,1,0,0,0,1,1,1,ADAMS (1),0,NOT APPLICABLE,12,12,7,July,2018,5,Thursday,10,10:00am-10:59am,12,12,0,This section IS NOT on the NHS,1,Rural,7,Local,2,County Highway Agency,4,County Road,CR-OSAGE AVE,,0,None,40.63141667,40.63141667,-98.477466670,-98.477466670,0,No Special Jurisdiction,10,Railway Vehicle,0,Not a Collision with Motor Vehicle In-Transport,0,No,6,Railway Grade Crossing,1,Not an Intersection,0,None,,,1,On Roadway,1,Daylight,1,Clear,0,No Additional Atmospheric Conditions,1,Clear,0,No,813281H,813281H,88,Not Applicable (Not Notified),88,Not Applicable (Not Notified),88,Not Applicable,88,Not Applicable,88,Not Applicable (Not Transported),88,Not Applicable (Not Transported),0,None,0,None,0,None,1,0
2018,31,310092,Nebraska,1,1,0,0,0,3,3,109,LANCASTER (109),0,NOT APPLICABLE,13,13,7,July,2018,6,Friday,19,7:00pm-7:59pm,50,50,1,This section IS ON the NHS,1,Rural,1,Interstate,1,State Highway Agency,1,Interstate,I-80,,3922,3922,40.82159444,40.82159444,-96.853800000,-96.853800000,0,No Special Jurisdiction,24,Guardrail Face,0,Not a Collision with Motor Vehicle In-Transport,0,No,1,Non-Junction,1,Not an Intersection,0,None,,,4,On Roadside,5,Dusk,1,Clear,0,No Additional Atmospheric Conditions,1,Clear,0,No,0000000,Not Applicable,99,Unknown,99,Unknown,99,Unknown EMS Scene Arrival Hour,99,Unknown EMS Scene Arrival Minutes,99,Unknown,99,Unknown EMS Hospital Arrival Time,0,None,0,None,0,None,1,0
2018,31,310093,Nebraska,1,1,0,0,0,1,1,169,THAYER (169),0,NOT APPLICABLE,14,14,7,July,2018,7,Saturday,99,Unknown Hours,99,Unknown Minutes,0,This section IS NOT on the NHS,1,Rural,7,Local,2,County Highway Agency,4,County Road,CR-RIVER ROAD,,0,None,40.16181667,40.16181667,-97.547572220,-97.547572220,0,No Special Jurisdiction,34,Ditch,0,Not a Collision with Motor Vehicle In-Transport,0,No,1,Non-Junction,1,Not an Intersection,0,None,,,4,On Roadside,1,Daylight,1,Clear,0,No Additional Atmospheric Conditions,1,Clear,0,No,0000000,Not Applicable,88,Not Applicable (Not Notified),88,Not Applicable (Not Notified),88,Not Applicable,88,Not Applicable,88,Not Applicable (Not Transported),88,Not Applicable (Not Transported),0,None,0,None,0,None,1,0
2018,31,310094,Nebraska,1,1,0,0,0,1,1,149,ROCK (149),0,NOT APPLICABLE,15,15,7,July,2018,1,Sunday,14,2:00pm-2:59pm,23,23,0,This section IS NOT on the NHS,1,Rural,5,Major Collector,1,State Highway Agency,3,State Highway,SR-7,,716,716,42.71041389,42.71041389,-99.589500000,-99.589500000,0,No Special Jurisdiction,1,Rollover/Overturn,0,Not a Collision with Motor Vehicle In-Transport,0,No,1,Non-Junction,1,Not an Intersection,0,None,,,4,On Roadside,1,Daylight,10,Cloudy,0,No Additional Atmospheric Conditions,10,Cloudy,0,No,0000000,Not Applicable,14,2:00pm-2:59pm,30,30,14,2:00pm-2:59pm,47,47,99,Unknown,99,Unknown EMS Hospital Arrival Time,0,None,0,None,0,None,1,0
2018,31,310095,Nebraska,1,1,0,0,0,2,2,27,CEDAR (27),0,NOT APPLICABLE,16,16,7,July,2018,2,Monday,99,Unknown Hours,99,Unknown Minutes,0,This section IS NOT on the NHS,1,Rural,5,Major Collector,2,County Highway Agency,4,County Road,CR-898 RD,,0,None,42.84495556,42.84495556,-97.336986110,-97.336986110,0,No Special Jurisdiction,1,Rollover/Overturn,0,Not a Collision with Motor Vehicle In-Transport,0,No,1,Non-Junction,1,Not an Intersection,0,None,,,4,On Roadside,1,Daylight,1,Clear,0,No Additional Atmospheric Conditions,1,Clear,0,No,0000000,Not Applicable,99,Unknown,99,Unknown,99,Unknown EMS Scene Arrival Hour,99,Unknown EMS Scene Arrival Minutes,99,Unknown,99,Unknown EMS Hospital Arrival Time,0,None,0,None,0,None,1,0
2018,31,310096,Nebraska,1,1,0,0,0,1,1,55,DOUGLAS (55),3620,OMAHA,26,26,7,July,2018,5,Thursday,17,5:00pm-5:59pm,42,42,1,This section IS ON the NHS,2,Urban,2,Principal Arterial - Other Freeways and Expressways,1,State Highway Agency,2,U.S. Highway,US-75,,906,906,41.26010556,41.26010556,-95.954202780,-95.954202780,0,No Special Jurisdiction,35,Embankment,0,Not a Collision with Motor Vehicle In-Transport,0,No,1,Non-Junction,1,Not an Intersection,0,None,,,4,On Roadside,1,Daylight,1,Clear,0,No Additional Atmospheric Conditions,1,Clear,0,No,0000000,Not Applicable,17,5:00pm-5:59pm,43,43,17,5:00pm-5:59pm,49,49,18,6:00pm-6:59pm,6,6,0,None,0,None,0,None,1,0
2018,31,310097,Nebraska,2,2,0,0,0,2,2,55,DOUGLAS (55),3620,OMAHA,1,1,7,July,2018,1,Sunday,10,10:00am-10:59am,55,55,0,This section IS NOT on the NHS,2,Urban,3,Principal Arterial - Other,4,City or Municipal Highway Agency,6,Local Street - Municipality,N 72ND ST,SORENSEN PKWY,0,None,41.31950278,41.31950278,-96.023997220,-96.023997220,0,No Special Jurisdiction,12,Motor Vehicle In-Transport,6,Angle,0,No,2,Intersection,2,Four-Way Intersection,0,None,,,1,On Roadway,1,Daylight,1,Clear,0,No Additional Atmospheric Conditions,1,Clear,0,No,0000000,Not Applicable,10,10:00am-10:59am,56,56,10,10:00am-10:59am,58,58,11,11:00am-11:59am,20,20,0,None,0,None,0,None,1,0
2018,31,310098,Nebraska,2,2,0,0,0,5,5,55,DOUGLAS (55),0,NOT APPLICABLE,3,3,7,July,2018,3,Tuesday,22,10:00pm-10:59pm,15,15,1,This section IS ON the NHS,1,Rural,3,Principal Arterial - Other,1,State Highway Agency,3,State Highway,SR-92,SR-R28C,4644,4644,41.23396111,41.23396111,-96.330466670,-96.330466670,0,No Special Jurisdiction,12,Motor Vehicle In-Transport,2,Front-to-Front,0,No,2,Intersection,2,Four-Way Intersection,0,None,,,1,On Roadway,2,Dark - Not Lighted,1,Clear,0,No Additional Atmospheric Conditions,1,Clear,0,No,0000000,Not Applicable,22,10:00pm-10:59pm,18,18,99,Unknown EMS Scene Arrival Hour,99,Unknown EMS Scene Arrival Minutes,99,Unknown,99,Unknown EMS Hospital Arrival Time,0,None,0,None,0,None,1,1
2018,31,310099,Nebraska,2,2,0,0,0,2,2,1,ADAMS (1),0,NOT APPLICABLE,17,17,7,July,2018,3,Tuesday,14,2:00pm-2:59pm,40,40,0,This section IS NOT on the NHS,1,Rural,7,Local,2,County Highway Agency,4,County Road,CR-HAYLAND,CR-82ND STREET,0,None,40.66946944,40.66946944,-98.592205560,-98.592205560,0,No Special Jurisdiction,12,Motor Vehicle In-Transport,6,Angle,0,No,2,Intersection,2,Four-Way Intersection,0,None,,,1,On Roadway,1,Daylight,10,Cloudy,0,No Additional Atmospheric Conditions,10,Cloudy,0,No,0000000,Not Applicable,14,2:00pm-2:59pm,47,47,15,3:00pm-3:59pm,7,7,99,Unknown,99,Unknown EMS Hospital Arrival Time,0,None,0,None,0,None,1,0
2018,31,310100,Nebraska,2,2,0,0,0,4,4,109,LANCASTER (109),0,NOT APPLICABLE,13,13,7,July,2018,6,Friday,19,7:00pm-7:59pm,39,39,0,This section IS NOT on the NHS,1,Rural,7,Local,2,County Highway Agency,4,County Road,CR-W A ST,CR-SW 40TH ST,0,None,40.79910278,40.79910278,-96.777972220,-96.777972220,0,No Special Jurisdiction,12,Motor Vehicle In-Transport,6,Angle,0,No,2,Intersection,2,Four-Way Intersection,0,None,,,1,On Roadway,1,Daylight,10,Cloudy,0,No Additional Atmospheric Conditions,10,Cloudy,0,No,0000000,Not Applicable,19,7:00pm-7:59pm,43,43,19,7:00pm-7:59pm,50,50,20,8:00pm-8:59pm,20,20,0,None,0,None,0,None,1,1
2018,31,310101,Nebraska,2,2,0,0,0,2,2,55,DOUGLAS (55),3620,OMAHA,2,2,8,August,2018,5,Thursday,22,10:00pm-10:59pm,35,35,0,This section IS NOT on the NHS,2,Urban,4,Minor Arterial,4,City or Municipal Highway Agency,6,Local Street - Municipality,HARRISON STREET,S 180TH ST,0,None,41.19077500,41.19077500,-96.196663890,-96.196663890,0,No Special Jurisdiction,12,Motor Vehicle In-Transport,6,Angle,0,No,2,Intersection,2,Four-Way Intersection,0,None,,,1,On Roadway,3,Dark - Lighted,10,Cloudy,0,No Additional Atmospheric Conditions,10,Cloudy,0,No,0000000,Not Applicable,88,Not Applicable (Not Notified),88,Not Applicable (Not Notified),88,Not Applicable,88,Not Applicable,88,Not Applicable (Not Transported),88,Not Applicable (Not Transported),0,None,0,None,0,None,1,1
2018,31,310102,Nebraska,2,2,0,0,0,2,2,141,PLATTE (141),0,NOT APPLICABLE,2,2,8,August,2018,5,Thursday,22,10:00pm-10:59pm,0,0,0,This section IS NOT on the NHS,1,Rural,4,Minor Arterial,1,State Highway Agency,3,State Highway,SR-91,CR-490TH ST,1550,1550,41.71438333,41.71438333,-97.438988890,-97.438988890,0,No Special Jurisdiction,12,Motor Vehicle In-Transport,2,Front-to-Front,0,No,2,Intersection,4,Y-Intersection,0,None,,,1,On Roadway,2,Dark - Not Lighted,1,Clear,0,No Additional Atmospheric Conditions,1,Clear,0,No,0000000,Not Applicable,22,10:00pm-10:59pm,9,9,22,10:00pm-10:59pm,13,13,22,10:00pm-10:59pm,46,46,0,None,0,None,0,None,1,0