caseyear,state,st_case,statename,ve_total,ve_forms,pvh_invl,peds,pernotmvit,permvit,persons,county,countyname,city,cityname,day,dayname,month,monthname,year,day_week,day_weekname,hour,hourname,minute,minutename,nhs,nhsname,rur_urb,rur_urbname,func_sys,func_sysname,rd_owner,rd_ownername,route,routename,tway_id,tway_id2,milept,mileptname,latitude,latitudename,longitud,longitudname,sp_jur,sp_jurname,harm_ev,harm_evname,man_coll,man_collname,reljct1,reljct1name,reljct2,reljct2name,typ_int,typ_intname,wrk_zone,wrk_zonename,road_fnc,road_fncname,rel_road,rel_roadname,lgt_cond,lgt_condname,weather1,weather1name,weather2,weather2name,weather,weathername,sch_bus,sch_busname,rail,railname,not_hour,not_hourname,not_min,not_minname,arr_hour,arr_hourname,arr_min,arr_minname,hosp_hr,hosp_hrname,hosp_mn,hosp_mnname,cf1,cf1name,cf2,cf2name,cf3,cf3name,fatals,drunk_dr
2019,31,310174,Nebraska,1,1,0,1,1,1,1,55,DOUGLAS (55),3620,OMAHA,18,18,10,October,2019,6,Friday,13,1:00pm-1:59pm,46,46,1,This section IS ON the NHS,2,Urban,3,Principal Arterial - Other,1,State Highway Agency,2,U.S. Highway,US-275,67TH STREET,1857,1857,41.21244722,41.21244722,-96.015625000,-96.015625000,0,No Special Jurisdiction,8,Pedestrian,0,The First Harmful Event was Not a Collision with a Motor Vehicle in Transport,0,No,3,Intersection-Related,3,T-Intersection,0,None,,,1,On Roadway,1,Daylight,1,Clear,0,No Additional Atmospheric Conditions,1,Clear,0,No,0000000,Not Applicable,13,1:00pm-1:59pm,47,47,13,1:00pm-1:59pm,56,56,14,2:00pm-2:59pm,11,11,0,None,0,None,0,None,1,0
2019,31,310175,Nebraska,2,2,0,0,0,2,2,55,DOUGLAS (55),3620,OMAHA,18,18,10,October,2019,6,Friday,21,9:00pm-9:59pm,45,45,0,This section IS NOT on the NHS,2,Urban,3,Principal Arterial - Other,4,City or Municipal Highway Agency,6,Local Street - Municipality,N 72ND ST,WIRT ST,0,None,41.28711111,41.28711111,-96.024041670,-96.024041670,0,No Special Jurisdiction,12,Motor Vehicle In-Transport,6,Angle,0,No,2,Intersection,2,Four-Way Intersection,0,None,,,1,On Roadway,3,Dark - Lighted,1,Clear,0,No Additional Atmospheric Conditions,1,Clear,0,No,0000000,Not Applicable,21,9:00pm-9:59pm,45,45,21,9:00pm-9:59pm,52,52,22,10:00pm-10:59pm,2,2,0,None,0,None,0,None,1,0
2019,31,310176,Nebraska,1,1,0,1,1,1,1,109,LANCASTER (109),2830,LINCOLN,18,18,10,October,2019,6,Friday,20,8:00pm-8:59pm,27,27,0,This section IS NOT on the NHS,2,Urban,3,Principal Arterial - Other,4,City or Municipal Highway Agency,6,Local Street - Municipality,S 10TH ST,,0,None,40.79049444,40.79049444,-96.707161110,-96.707161110,0,No Special Jurisdiction,8,Pedestrian,0,The First Harmful Event was Not a Collision with a Motor Vehicle in Transport,0,No,1,Non-Junction,1,Not an Intersection,0,None,,,1,On Roadway,3,Dark - Lighted,1,Clear,0,No Additional Atmospheric Conditions,1,Clear,0,No,0000000,Not Applicable,99,Unknown,99,Unknown,99,Unknown EMS Scene Arrival Hour,99,Unknown EMS Scene Arrival Minutes,88,Not Applicable (Not Transported),88,Not Applicable (Not Transported),0,None,0,None,0,None,1,0
2019,31,310177,Nebraska,1,1,0,1,1,1,1,119,MADISON (119),3480,NORFOLK,1,1,11,November,2019,6,Friday,18,6:00pm-6:59pm,56,56,0,This section IS NOT on the NHS,2,Urban,4,Minor Arterial,4,City or Municipal Highway Agency,6,Local Street - Municipality,1ST ST,CEDAR AVE,0,None,42.04216667,42.04216667,-97.407219440,-97.407219440,0,No Special Jurisdiction,8,Pedestrian,0,The First Harmful Event was Not a Collision with a Motor Vehicle in Transport,0,No,3,Intersection-Related,3,T-Intersection,0,None,,,1,On Roadway,3,Dark - Lighted,2,Rain,10,Cloudy,2,Rain,0,No,0000000,Not Applicable,18,6:00pm-6:59pm,56,56,18,6:00pm-6:59pm,57,57,19,7:00pm-7:59pm,24,24,0,None,0,None,0,None,1,0
2019,31,310178,Nebraska,2,2,0,0,0,3,3,141,PLATTE (141),0,NOT APPLICABLE,25,25,10,October,2019,6,Friday,9,9:00am-9:59am,21,21,0,This section IS NOT on the NHS,1,Rural,7,Local,2,County Highway Agency,4,County Road,CR-280TH STREET,CR-355TH AVENUE,0,None,41.51144722,41.51144722,-97.580541670,-97.580541670,0,No Special Jurisdiction,12,Motor Vehicle In-Transport,6,Angle,0,No,2,Intersection,2,Four-Way Intersection,0,None,,,1,On Roadway,1,Daylight,1,Clear,0,No Additional Atmospheric Conditions,1,Clear,0,No,0000000,Not Applicable,99,Unknown,98,Unknown if Notified,99,Unknown EMS Scene Arrival Hour,98,Unknown if Arrived,99,Unknown,98,Unknown if Transported,0,None,0,None,0,None,2,0
2019,31,310179,Nebraska,3,3,0,0,0,6,6,55,DOUGLAS (55),3620,OMAHA,16,16,8,August,2019,6,Friday,21,9:00pm-9:59pm,31,31,1,This section IS ON the NHS,2,Urban,1,Interstate,1,State Highway Agency,1,Interstate,I-80,,4523,4523,41.22610833,41.22610833,-95.966130560,-95.966130560,0,No Special Jurisdiction,12,Motor Vehicle In-Transport,7,Sideswipe - Same Direction,0,No,1,Non-Junction,1,Not an Intersection,0,None,,,1,On Roadway,3,Dark - Lighted,1,Clear,0,No Additional Atmospheric Conditions,1,Clear,0,No,0000000,Not Applicable,99,Unknown,99,Unknown,99,Unknown EMS Scene Arrival Hour,99,Unknown EMS Scene Arrival Minutes,88,Not Applicable (Not Transported),88,Not Applicable (Not Transported),0,None,0,None,0,None,1,0
2019,31,310180,Nebraska,4,4,0,0,0,9,9,153,SARPY (153),0,NOT APPLICABLE,7,7,8,August,2019,4,Wednesday,9,9:00am-9:59am,45,45,1,This section IS ON the NHS,1,Rural,3,Principal Arterial - Other,1,State Highway Agency,3,State Highway,SR-370,CR-192ND ST,12,12,41.14693056,41.14693056,-96.215769440,-96.215769440,0,No Special Jurisdiction,12,Motor Vehicle In-Transport,1,Front-to-Rear,0,No,3,Intersection-Related,2,Four-Way Intersection,0,None,,,1,On Roadway,1,Daylight,10,Cloudy,0,No Additional Atmospheric Conditions,10,Cloudy,0,No,0000000,Not Applicable,9,9:00am-9:59am,47,47,9,9:00am-9:59am,55,55,10,10:00am-10:59am,45,45,0,None,0,None,0,None,2,0
2019,31,310181,Nebraska,2,2,0,0,0,3,3,109,LANCASTER (109),2830,LINCOLN,1,1,11,November,2019,6,Friday,23,11:00pm-11:59pm,40,40,1,This section IS ON the NHS,2,Urban,3,Principal Arterial - Other,1,State Highway Agency,2,U.S. Highway,US-6,,3098,3098,40.81360000,40.81360000,-96.779341670,-96.779341670,0,No Special Jurisdiction,12,Motor Vehicle In-Transport,2,Front-to-Front,0,No,1,Non-Junction,1,Not an Intersection,0,None,,,1,On Roadway,2,Dark - Not Lighted,1,Clear,0,No Additional Atmospheric Conditions,1,Clear,0,No,0000000,Not Applicable,23,11:00pm-11:59pm,42,42,23,11:00pm-11:59pm,50,50,99,Unknown,99,Unknown EMS Hospital Arrival Time,0,None,0,None,0,None,1,2
2019,31,310182,Nebraska,1,1,0,0,0,1,1,111,LINCOLN (111),0,NOT APPLICABLE,3,3,11,November,2019,1,Sunday,17,5:00pm-5:59pm,25,25,0,This section IS NOT on the NHS,1,Rural,5,Major Collector,2,County Highway Agency,4,County Road,CR-W FRONT RD,,0,None,41.14569167,41.14569167,-100.847750000,-100.847750000,0,No Special Jurisdiction,31,"Post, Pole or Other Supports",0,The First Harmful Event was Not a Collision with a Motor Vehicle in Transport,0,No,1,Non-Junction,1,Not an Intersection,0,None,,,4,On Roadside,1,Daylight,1,Clear,0,No Additional Atmospheric Conditions,1,Clear,0,No,0000000,Not Applicable,17,5:00pm-5:59pm,25,25,17,5:00pm-5:59pm,28,28,17,5:00pm-5:59pm,45,45,0,None,0,None,0,None,1,0
2019,31,310183,Nebraska,2,2,0,0,0,2,2,47,DAWSON (47),0,NOT APPLICABLE,1,1,11,November,2019,6,Friday,7,7:00am-7:59am,33,33,0,This section IS NOT on the NHS,1,Rural,4,Minor Arterial,1,State Highway Agency,2,U.S. Highway,US-30,CR-RD 435,2395,2395,40.76956111,40.76956111,-99.710833330,-99.710833330,0,No Special Jurisdiction,12,Motor Vehicle In-Transport,1,Front-to-Rear,0,No,2,Intersection,2,Four-Way Intersection,0,None,,,1,On Roadway,2,Dark - Not Lighted,1,Clear,0,No Additional Atmospheric Conditions,1,Clear,0,No,0000000,Not Applicable,7,7:00am-7:59am,36,36,7,7:00am-7:59am,44,44,8,8:00am-8:59am,2,2,0,None,0,None,0,None,1,0
2019,31,310184,Nebraska,2,2,0,0,0,2,2,27,CEDAR (27),0,NOT APPLICABLE,4,4,11,November,2019,2,Monday,17,5:00pm-5:59pm,21,21,1,This section IS ON the NHS,1,Rural,3,Principal Arterial - Other,1,State Highway Agency,2,U.S. Highway,US-81,SR-12,2054,2054,42.72841111,42.72841111,-97.407580560,-97.407580560,0,No Special Jurisdiction,12,Motor Vehicle In-Transport,6,Angle,0,No,2,Intersection,2,Four-Way Intersection,0,None,,,1,On Roadway,5,Dusk,1,Clear,0,No Additional Atmospheric Conditions,1,Clear,0,No,0000000,Not Applicable,17,5:00pm-5:59pm,21,21,17,5:00pm-5:59pm,29,29,17,5:00pm-5:59pm,53,53,0,None,0,None,0,None,1,0
2019,31,310185,Nebraska,1,1,0,0,0,1,1,99,KEARNEY (99),0,NOT APPLICABLE,8,8,11,November,2019,6,Friday,16,4:00pm-4:59pm,59,59,0,This section IS NOT on the NHS,1,Rural,6,Minor Collector,2,County Highway Agency,4,County Road,CR-23 ROAD,,0,None,40.49863611,40.49863611,-99.122958330,-99.122958330,0,No Special Jurisdiction,34,Ditch,0,The First Harmful Event was Not a Collision with a Motor Vehicle in Transport,0,No,1,Non-Junction,1,Not an Intersection,0,None,,,4,On Roadside,1,Daylight,1,Clear,0,No Additional Atmospheric Conditions,1,Clear,0,No,0000000,Not Applicable,17,5:00pm-5:59pm,5,5,17,5:00pm-5:59pm,9,9,88,Not Applicable (Not Transported),88,Not Applicable (Not Transported),0,None,0,None,0,None,1,1
2019,31,310186,Nebraska,1,1,0,0,0,2,2,95,JEFFERSON (95),0,NOT APPLICABLE,10,10,11,November,2019,1,Sunday,21,9:00pm-9:59pm,5,5,0,This section IS NOT on the NHS,1,Rural,7,Local,2,County Highway Agency,4,County Road,CR-RIVER ROAD,,0,None,40.17506111,40.17506111,-97.208400000,-97.208400000,0,No Special Jurisdiction,34,Ditch,0,The First Harmful Event was Not a Collision with a Motor Vehicle in Transport,0,No,1,Non-Junction,1,Not an Intersection,0,None,,,4,On Roadside,2,Dark - Not Lighted,1,Clear,0,No Additional Atmospheric Conditions,1,Clear,0,No,0000000,Not Applicable,99,Unknown,99,Unknown,99,Unknown EMS Scene Arrival Hour,99,Unknown EMS Scene Arrival Minutes,99,Unknown,99,Unknown EMS Hospital Arrival Time,0,None,0,None,0,None,1,1
2019,31,310187,Nebraska,2,2,0,0,0,2,2,147,RICHARDSON (147),0,NOT APPLICABLE,11,11,11,November,2019,2,Monday,8,8:00am-8:59am,0,0,1,This section IS ON the NHS,1,Rural,3,Principal Arterial - Other,1,State Highway Agency,2,U.S. Highway,US-75,,15,15,40.01723611,40.01723611,-95.816383330,-95.816383330,0,No Special Jurisdiction,12,Motor Vehicle In-Transport,2,Front-to-Front,0,No,1,Non-Junction,1,Not an Intersection,0,None,,,1,On Roadway,1,Daylight,4,Snow,0,No Additional Atmospheric Conditions,4,Snow,0,No,0000000,Not Applicable,99,Unknown,99,Unknown,99,Unknown EMS Scene Arrival Hour,99,Unknown EMS Scene Arrival Minutes,99,Unknown,99,Unknown EMS Hospital Arrival Time,0,None,0,None,0,None,1,0
2019,31,310188,Nebraska,1,1,0,0,0,1,1,109,LANCASTER (109),0,NOT APPLICABLE,17,17,11,November,2019,1,Sunday,17,5:00pm-5:59pm,15,15,0,This section IS NOT on the NHS,1,Rural,5,Major Collector,2,County Highway Agency,4,County Road,CR-W VAN DORN ST,,0,None,40.78466944,40.78466944,-96.855347220,-96.855347220,0,No Special Jurisdiction,30,Utility Pole/Light Support,0,The First Harmful Event was Not a Collision with a Motor Vehicle in Transport,0,No,1,Non-Junction,1,Not an Intersection,0,None,,,4,On Roadside,5,Dusk,1,Clear,0,No Additional Atmospheric Conditions,1,Clear,0,No,0000000,Not Applicable,99,Unknown,98,Unknown if Notified,99,Unknown EMS Scene Arrival Hour,98,Unknown if Arrived,88,Not Applicable (Not Transported),88,Not Applicable (Not Transported),0,None,0,None,0,None,1,1
2019,31,310189,Nebraska,2,2,0,0,0,2,2,109,LANCASTER (109),0,NOT APPLICABLE,17,17,11,November,2019,1,Sunday,15,3:00pm-3:59pm,47,47,1,This section IS ON the NHS,1,Rural,3,Principal Arterial - Other,1,State Highway Agency,2,U.S. Highway,US-34,CR-NW 40TH,3180,3180,40.81372500,40.81372500,-96.777877780,-96.777877780,0,No Special Jurisdiction,12,Motor Vehicle In-Transport,1,Front-to-Rear,0,No,2,Intersection,2,Four-Way Intersection,0,None,,,1,On Roadway,1,Daylight,1,Clear,0,No Additional Atmospheric Conditions,1,Clear,0,No,0000000,Not Applicable,99,Unknown,98,Unknown if Notified,99,Unknown EMS Scene Arrival Hour,98,Unknown if Arrived,99,Unknown,98,Unknown if Transported,0,None,0,None,0,None,1,0
2019,31,310190,Nebraska,2,2,0,0,0,2,2,177,WASHINGTON (177),0,NOT APPLICABLE,18,18,11,November,2019,2,Monday,13,1:00pm-1:59pm,57,57,1,This section IS ON the NHS,1,Rural,3,Principal Arterial - Other,1,State Highway Agency,3,State Highway,SR-133,CR-P26,180,180,41.50180833,41.50180833,-96.147041670,-96.147041670,0,No Special Jurisdiction,12,Motor Vehicle In-Transport,6,Angle,0,No,2,Intersection,2,Four-Way Intersection,0,None,,,1,On Roadway,1,Daylight,1,Clear,0,No Additional Atmospheric Conditions,1,Clear,0,No,0000000,Not Applicable,14,2:00pm-2:59pm,0,0,14,2:00pm-2:59pm,5,5,14,2:00pm-2:59pm,19,19,0,None,0,None,0,None,1,0
2019,31,310191,Nebraska,1,1,0,1,1,1,1,109,LANCASTER (109),2830,LINCOLN,20,20,11,November,2019,4,Wednesday,18,6:00pm-6:59pm,5,5,1,This section IS ON the NHS,2,Urban,3,Principal Arterial - Other,1,State Highway Agency,2,U.S. Highway,US-6,NW 14TH ST,3119,3119,40.81385000,40.81385000,-96.742211110,-96.742211110,0,No Special Jurisdiction,15,Non-Motorist on Personal Conveyance,0,The First Harmful Event was Not a Collision with a Motor Vehicle in Transport,0,No,3,Intersection-Related,2,Four-Way Intersection,0,None,,,1,On Roadway,3,Dark - Lighted,10,Cloudy,0,No Additional Atmospheric Conditions,10,Cloudy,0,No,0000000,Not Applicable,18,6:00pm-6:59pm,7,7,18,6:00pm-6:59pm,10,10,18,6:00pm-6:59pm,29,29,0,None,0,None,0,None,1,0
2019,31,310192,Nebraska,2,2,0,0,0,3,3,157,SCOTTS BLUFF (157),0,NOT APPLICABLE,20,20,11,November,2019,4,Wednesday,14,2:00pm-2:59pm,36,36,1,This section IS ON the NHS,1,Rural,3,Principal Arterial - Other,1,State Highway Agency,2,U.S. Highway,US-26,CR-COUNTY ROAD 19,199,199,41.89620000,41.89620000,-103.713875000,-103.713875000,0,No Special Jurisdiction,12,Motor Vehicle In-Transport,6,Angle,0,No,2,Intersection,2,Four-Way Intersection,0,None,,,1,On Roadway,1,Daylight,1,Clear,0,No Additional Atmospheric Conditions,1,Clear,0,No,0000000,Not Applicable,14,2:00pm-2:59pm,34,34,14,2:00pm-2:59pm,43,43,15,3:00pm-3:59pm,5,5,0,None,0,None,0,None,1,0
2019,31,310193,Nebraska,3,3,0,0,0,4,4,79,HALL (79),0,NOT APPLICABLE,10,10,11,November,2019,1,Sunday,14,2:00pm-2:59pm,14,14,1,This section IS ON the NHS,1,Rural,1,Interstate,1,State Highway Agency,1,Interstate,I-80,,3100,3100,40.82050278,40.82050278,-98.415797220,-98.415797220,0,No Special Jurisdiction,12,Motor Vehicle In-Transport,6,Angle,0,No,1,Non-Junction,1,Not an Intersection,0,None,,,1,On Roadway,1,Daylight,1,Clear,0,No Additional Atmospheric Conditions,1,Clear,0,No,0000000,Not Applicable,99,Unknown,99,Unknown,99,Unknown EMS Scene Arrival Hour,99,Unknown EMS Scene Arrival Minutes,99,Unknown,99,Unknown EMS Hospital Arrival Time,0,None,0,None,0,None,1,0
2019,31,310194,Nebraska,1,1,0,1,1,1,1,55,DOUGLAS (55),3620,OMAHA,24,24,11,November,2019,1,Sunday,22,10:00pm-10:59pm,8,8,1,This section IS ON the NHS,2,Urban,3,Principal Arterial - Other,1,State Highway Agency,3,State Highway,SR-64,N 147TH ST,677,677,41.29225556,41.29225556,-96.143997220,-96.143997220,0,No Special Jurisdiction,8,Pedestrian,0,The First Harmful Event was Not a Collision with a Motor Vehicle in Transport,0,No,3,Intersection-Related,2,Four-Way Intersection,0,None,,,1,On Roadway,3,Dark - Lighted,1,Clear,0,No Additional Atmospheric Conditions,1,Clear,0,No,0000000,Not Applicable,22,10:00pm-10:59pm,8,8,22,10:00pm-10:59pm,11,11,22,10:00pm-10:59pm,30,30,0,None,0,None,0,None,1,0
2019,31,310195,Nebraska,2,2,0,0,0,3,3,109,LANCASTER (109),0,NOT APPLICABLE,25,25,11,November,2019,2,Monday,14,2:00pm-2:59pm,54,54,1,This section IS ON the NHS,1,Rural,3,Principal Arterial - Other,1,State Highway Agency,2,U.S. Highway,US-34,CR-NW 48TH,3172,3172,40.81395000,40.81395000,-96.787691670,-96.787691670,0,No Special Jurisdiction,12,Motor Vehicle In-Transport,6,Angle,0,No,2,Intersection,2,Four-Way Intersection,0,None,,,1,On Roadway,1,Daylight,1,Clear,0,No Additional Atmospheric Conditions,1,Clear,0,No,0000000,Not Applicable,99,Unknown,98,Unknown if Notified,99,Unknown EMS Scene Arrival Hour,98,Unknown if Arrived,99,Unknown,98,Unknown if Transported,0,None,0,None,0,None,1,0
2019,31,310196,Nebraska,1,1,0,1,1,1,1,155,SAUNDERS (155),0,NOT APPLICABLE,28,28,11,November,2019,5,Thursday,18,6:00pm-6:59pm,19,19,1,This section IS ON the NHS,1,Rural,2,Principal Arterial - Other Freeways and Expressways,1,State Highway Agency,2,U.S. Highway,US-77,,921,921,41.20298611,41.20298611,-96.635494440,-96.635494440,0,No Special Jurisdiction,8,Pedestrian,0,The First Harmful Event was Not a Collision with a Motor Vehicle in Transport,0,No,1,Non-Junction,1,Not an Intersection,0,None,,,2,On Shoulder,2,Dark - Not Lighted,3,Sleet or Hail,10,Cloudy,3,Sleet or Hail,0,No,0000000,Not Applicable,99,Unknown,99,Unknown,99,Unknown EMS Scene Arrival Hour,99,Unknown EMS Scene Arrival Minutes,99,Unknown,99,Unknown EMS Hospital Arrival Time,23,Indication of a Stalled/Disabled Vehicle,0,None,0,None,1,0
2019,31,310197,Nebraska,4,4,0,0,0,8,8,153,SARPY (153),0,NOT APPLICABLE,13,13,8,August,2019,3,Tuesday,16,4:00pm-4:59pm,30,30,1,This section IS ON the NHS,1,Rural,2,Principal Arterial - Other Freeways and Expressways,1,State Highway Agency,2,U.S. Highway,US-75,,780,780,41.08812500,41.08812500,-95.928241670,-95.928241670,0,No Special Jurisdiction,12,Motor Vehicle In-Transport,7,Sideswipe - Same Direction,0,No,1,Non-Junction,1,Not an Intersection,0,None,,,1,On Roadway,1,Daylight,1,Clear,0,No Additional Atmospheric Conditions,1,Clear,0,No,0000000,Not Applicable,16,4:00pm-4:59pm,35,35,16,4:00pm-4:59pm,42,42,17,5:00pm-5:59pm,28,28,0,None,0,None,0,None,1,0
2019,31,310198,Nebraska,1,1,0,0,0,1,1,157,SCOTTS BLUFF (157),0,NOT APPLICABLE,16,16,11,November,2019,7,Saturday,3,3:00am-3:59am,20,20,0,This section IS NOT on the NHS,1,Rural,4,Minor Arterial,1,State Highway Agency,3,State Highway,SR-71,,668,668,41.92161389,41.92161389,-103.677330600,-103.67733056,0,No Special Jurisdiction,1,Rollover/Overturn,0,The First Harmful Event was Not a Collision with a Motor Vehicle in Transport,0,No,1,Non-Junction,1,Not an Intersection,0,None,,,4,On Roadside,2,Dark - Not Lighted,10,Cloudy,0,No Additional Atmospheric Conditions,10,Cloudy,0,No,0000000,Not Applicable,99,Unknown,99,Unknown,99,Unknown EMS Scene Arrival Hour,99,Unknown EMS Scene Arrival Minutes,99,Unknown,99,Unknown EMS Hospital Arrival Time,0,None,0,None,0,None,1,0
2019,31,310199,Nebraska,1,1,0,0,0,1,1,55,DOUGLAS (55),3620,OMAHA,12,12,12,December,2019,5,Thursday,8,8:00am-8:59am,2,2,0,This section IS NOT on the NHS,2,Urban,5,Major Collector,4,City or Municipal Highway Agency,6,Local Street - Municipality,4418 CURTIS AVE,,0,None,41.31573056,41.31573056,-95.979327780,-95.979327780,0,No Special Jurisdiction,42,Tree (Standing Only),0,The First Harmful Event was Not a Collision with a Motor Vehicle in Transport,0,No,1,Non-Junction,1,Not an Intersection,0,None,,,4,On Roadside,1,Daylight,1,Clear,0,No Additional Atmospheric Conditions,1,Clear,0,No,0000000,Not Applicable,99,Unknown,99,Unknown,99,Unknown EMS Scene Arrival Hour,99,Unknown EMS Scene Arrival Minutes,99,Unknown,99,Unknown EMS Hospital Arrival Time,0,None,0,None,0,None,1,1
2019,31,310200,Nebraska,7,7,0,0,0,10,10,81,HAMILTON (81),0,NOT APPLICABLE,20,20,2,February,2019,4,Wednesday,9,9:00am-9:59am,10,10,1,This section IS ON the NHS,1,Rural,1,Interstate,1,State Highway Agency,1,Interstate,I-80,,3281,3281,40.82202500,40.82202500,-98.073319440,-98.073319440,0,No Special Jurisdiction,12,Motor Vehicle In-Transport,1,Front-to-Rear,0,No,1,Non-Junction,1,Not an Intersection,0,None,,,1,On Roadway,1,Daylight,4,Snow,11,Blowing Snow,4,Snow,0,No,0000000,Not Applicable,9,9:00am-9:59am,10,10,9,9:00am-9:59am,24,24,10,10:00am-10:59am,0,0,0,None,0,None,0,None,1,0
2019,31,310201,Nebraska,1,1,0,1,1,1,1,109,LANCASTER (109),2830,LINCOLN,17,17,12,December,2019,3,Tuesday,18,6:00pm-6:59pm,56,56,1,This section IS ON the NHS,2,Urban,3,Principal Arterial - Other,1,State Highway Agency,2,U.S. Highway,US-34,,3271,3271,40.81349167,40.81349167,-96.662641670,-96.662641670,0,No Special Jurisdiction,8,Pedestrian,0,The First Harmful Event was Not a Collision with a Motor Vehicle in Transport,0,No,1,Non-Junction,1,Not an Intersection,0,None,,,1,On Roadway,3,Dark - Lighted,1,Clear,0,No Additional Atmospheric Conditions,1,Clear,0,No,0000000,Not Applicable,99,Unknown,99,Unknown,99,Unknown EMS Scene Arrival Hour,99,Unknown EMS Scene Arrival Minutes,99,Unknown,99,Unknown EMS Hospital Arrival Time,0,None,0,None,0,None,1,0
2019,31,310202,Nebraska,1,1,0,0,0,5,5,55,DOUGLAS (55),3620,OMAHA,14,14,12,December,2019,7,Saturday,3,3:00am-3:59am,12,12,0,This section IS NOT on the NHS,2,Urban,7,Local,4,City or Municipal Highway Agency,6,Local Street - Municipality,DEWEY AVE,,0,None,41.25599444,41.25599444,-95.966488890,-95.966488890,0,No Special Jurisdiction,42,Tree (Standing Only),0,The First Harmful Event was Not a Collision with a Motor Vehicle in Transport,0,No,1,Non-Junction,1,Not an Intersection,0,None,,,4,On Roadside,3,Dark - Lighted,10,Cloudy,0,No Additional Atmospheric Conditions,10,Cloudy,0,No,0000000,Not Applicable,99,Unknown,99,Unknown,99,Unknown EMS Scene Arrival Hour,99,Unknown EMS Scene Arrival Minutes,99,Unknown,99,Unknown EMS Hospital Arrival Time,0,None,0,None,0,None,2,1
2019,31,310203,Nebraska,2,2,0,0,0,2,2,119,MADISON (119),0,NOT APPLICABLE,19,19,12,December,2019,5,Thursday,9,9:00am-9:59am,15,15,1,This section IS ON the NHS,1,Rural,2,Principal Arterial - Other Freeways and Expressways,1,State Highway Agency,2,U.S. Highway,US-81,,1546,1546,41.99886111,41.99886111,-97.426713890,-97.426713890,0,No Special Jurisdiction,12,Motor Vehicle In-Transport,2,Front-to-Front,0,No,1,Non-Junction,1,Not an Intersection,0,None,,,1,On Roadway,1,Daylight,1,Clear,0,No Additional Atmospheric Conditions,1,Clear,0,No,0000000,Not Applicable,99,Unknown,98,Unknown if Notified,99,Unknown EMS Scene Arrival Hour,98,Unknown if Arrived,99,Unknown,98,Unknown if Transported,0,None,0,None,0,None,1,1
2019,31,310204,Nebraska,1,1,0,0,0,1,1,55,DOUGLAS (55),3620,OMAHA,24,24,12,December,2019,3,Tuesday,2,2:00am-2:59am,37,37,0,This section IS NOT on the NHS,2,Urban,3,Principal Arterial - Other,4,City or Municipal Highway Agency,6,Local Street - Municipality,SORENSEN PKWY,,0,None,41.31023611,41.31023611,-95.975075000,-95.975075000,0,No Special Jurisdiction,33,Curb,0,The First Harmful Event was Not a Collision with a Motor Vehicle in Transport,0,No,1,Non-Junction,1,Not an Intersection,0,None,,,4,On Roadside,3,Dark - Lighted,10,Cloudy,0,No Additional Atmospheric Conditions,10,Cloudy,0,No,0000000,Not Applicable,2,2:00am-2:59am,42,42,2,2:00am-2:59am,43,43,88,Not Applicable (Not Transported),88,Not Applicable (Not Transported),0,None,0,None,0,None,1,0
2019,31,310205,Nebraska,2,2,0,0,0,4,4,155,SAUNDERS (155),0,NOT APPLICABLE,13,13,12,December,2019,6,Friday,9,9:00am-9:59am,31,31,1,This section IS ON the NHS,1,Rural,3,Principal Arterial - Other,1,State Highway Agency,2,U.S. Highway,US-77,,1019,1019,41.25509722,41.25509722,-96.502700000,-96.502700000,0,No Special Jurisdiction,12,Motor Vehicle In-Transport,2,Front-to-Front,0,No,1,Non-Junction,1,Not an Intersection,0,None,,,1,On Roadway,1,Daylight,12,Freezing Rain or Drizzle,0,No Additional Atmospheric Conditions,12,Freezing Rain or Drizzle,0,No,0000000,Not Applicable,9,9:00am-9:59am,32,32,9,9:00am-9:59am,37,37,10,10:00am-10:59am,16,16,0,None,0,None,0,None,1,0
2019,31,310206,Nebraska,2,2,0,0,0,2,2,37,COLFAX (37),0,NOT APPLICABLE,12,12,12,December,2019,5,Thursday,7,7:00am-7:59am,44,44,1,This section IS ON the NHS,1,Rural,2,Principal Arterial - Other Freeways and Expressways,1,State Highway Agency,2,U.S. Highway,US-30,,3904,3904,41.45302778,41.45302778,-97.194983330,-97.194983330,0,No Special Jurisdiction,12,Motor Vehicle In-Transport,6,Angle,0,No,1,Non-Junction,1,Not an Intersection,0,None,,,1,On Roadway,1,Daylight,1,Clear,0,No Additional Atmospheric Conditions,1,Clear,0,No,0000000,Not Applicable,99,Unknown,98,Unknown if Notified,99,Unknown EMS Scene Arrival Hour,98,Unknown if Arrived,88,Not Applicable (Not Transported),88,Not Applicable (Not Transported),0,None,0,None,0,None,1,0