caseyear,state,st_case,statename,ve_total,ve_forms,pvh_invl,peds,pernotmvit,permvit,persons,county,countyname,city,cityname,day,dayname,month,monthname,year,day_week,day_weekname,hour,hourname,minute,minutename,nhs,nhsname,rur_urb,rur_urbname,func_sys,func_sysname,rd_owner,rd_ownername,route,routename,tway_id,tway_id2,milept,mileptname,latitude,latitudename,longitud,longitudname,sp_jur,sp_jurname,harm_ev,harm_evname,man_coll,man_collname,reljct1,reljct1name,reljct2,reljct2name,typ_int,typ_intname,wrk_zone,wrk_zonename,road_fnc,road_fncname,rel_road,rel_roadname,lgt_cond,lgt_condname,weather1,weather1name,weather2,weather2name,weather,weathername,sch_bus,sch_busname,rail,railname,not_hour,not_hourname,not_min,not_minname,arr_hour,arr_hourname,arr_min,arr_minname,hosp_hr,hosp_hrname,hosp_mn,hosp_mnname,cf1,cf1name,cf2,cf2name,cf3,cf3name,fatals,drunk_dr
2019,31,310207,Nebraska,2,2,0,0,0,3,3,105,KIMBALL (105),0,NOT APPLICABLE,15,15,12,December,2019,1,Sunday,8,8:00am-8:59am,43,43,1,This section IS ON the NHS,1,Rural,1,Interstate,1,State Highway Agency,1,Interstate,I-80,,278,278,41.22111667,41.22111667,-103.524516700,-103.52451667,0,No Special Jurisdiction,12,Motor Vehicle In-Transport,2,Front-to-Front,0,No,1,Non-Junction,1,Not an Intersection,0,None,,,1,On Roadway,1,Daylight,1,Clear,0,No Additional Atmospheric Conditions,1,Clear,0,No,0000000,Not Applicable,99,Unknown,99,Unknown,99,Unknown EMS Scene Arrival Hour,99,Unknown EMS Scene Arrival Minutes,88,Not Applicable (Not Transported),88,Not Applicable (Not Transported),0,None,0,None,0,None,1,0
2019,31,310208,Nebraska,2,2,0,0,0,2,2,121,MERRICK (121),0,NOT APPLICABLE,21,21,9,September,2019,7,Saturday,7,7:00am-7:59am,3,3,1,This section IS ON the NHS,1,Rural,3,Principal Arterial - Other,1,State Highway Agency,2,U.S. Highway,US-30,,3229,3229,40.98354167,40.98354167,-98.222122220,-98.222122220,0,No Special Jurisdiction,12,Motor Vehicle In-Transport,6,Angle,0,No,1,Non-Junction,1,Not an Intersection,0,None,,,1,On Roadway,4,Dawn,10,Cloudy,0,No Additional Atmospheric Conditions,10,Cloudy,0,No,0000000,Not Applicable,99,Unknown,99,Unknown,99,Unknown EMS Scene Arrival Hour,99,Unknown EMS Scene Arrival Minutes,99,Unknown,99,Unknown EMS Hospital Arrival Time,0,None,0,None,0,None,1,0
2019,31,310209,Nebraska,1,1,0,0,0,1,1,55,DOUGLAS (55),3620,OMAHA,12,12,12,December,2019,5,Thursday,10,10:00am-10:59am,48,48,1,This section IS ON the NHS,2,Urban,1,Interstate,1,State Highway Agency,1,Interstate,I-680,,109,109,41.34607778,41.34607778,-96.004377780,-96.004377780,0,No Special Jurisdiction,24,Guardrail Face,0,The First Harmful Event was Not a Collision with a Motor Vehicle in Transport,0,No,1,Non-Junction,1,Not an Intersection,0,None,,,3,On Median,1,Daylight,1,Clear,0,No Additional Atmospheric Conditions,1,Clear,0,No,0000000,Not Applicable,99,Unknown,99,Unknown,99,Unknown EMS Scene Arrival Hour,99,Unknown EMS Scene Arrival Minutes,99,Unknown,99,Unknown EMS Hospital Arrival Time,0,None,0,None,0,None,1,0
2019,31,310210,Nebraska,2,2,0,0,0,6,6,153,SARPY (153),0,NOT APPLICABLE,15,15,12,December,2019,1,Sunday,12,12:00pm-12:59pm,52,52,1,This section IS ON the NHS,1,Rural,2,Principal Arterial - Other Freeways and Expressways,2,County Highway Agency,2,U.S. Highway,US-75,,779,779,41.08267222,41.08267222,-95.928258330,-95.928258330,0,No Special Jurisdiction,12,Motor Vehicle In-Transport,6,Angle,0,No,1,Non-Junction,1,Not an Intersection,0,None,,,1,On Roadway,1,Daylight,10,Cloudy,0,No Additional Atmospheric Conditions,10,Cloudy,0,No,0000000,Not Applicable,12,12:00pm-12:59pm,54,54,13,1:00pm-1:59pm,0,0,13,1:00pm-1:59pm,40,40,0,None,0,None,0,None,2,0
2019,31,310211,Nebraska,2,2,0,0,0,3,3,143,POLK (143),3690,OSCEOLA,18,18,12,December,2019,4,Wednesday,13,1:00pm-1:59pm,37,37,1,This section IS ON the NHS,1,Rural,3,Principal Arterial - Other,1,State Highway Agency,2,U.S. Highway,US-81,,859,859,41.17653333,41.17653333,-97.597802780,-97.597802780,0,No Special Jurisdiction,12,Motor Vehicle In-Transport,2,Front-to-Front,0,No,1,Non-Junction,1,Not an Intersection,0,None,,,1,On Roadway,1,Daylight,1,Clear,0,No Additional Atmospheric Conditions,1,Clear,0,No,0000000,Not Applicable,13,1:00pm-1:59pm,39,39,13,1:00pm-1:59pm,44,44,13,1:00pm-1:59pm,53,53,0,None,0,None,0,None,2,0
2019,31,310212,Nebraska,2,2,0,0,0,2,2,55,DOUGLAS (55),0,NOT APPLICABLE,20,20,12,December,2019,6,Friday,7,7:00am-7:59am,50,50,1,This section IS ON the NHS,1,Rural,3,Principal Arterial - Other,1,State Highway Agency,3,State Highway,SR-133,SR-36,79,79,41.36467778,41.36467778,-96.094444440,-96.094444440,0,No Special Jurisdiction,12,Motor Vehicle In-Transport,6,Angle,0,No,2,Intersection,2,Four-Way Intersection,0,None,,,1,On Roadway,1,Daylight,10,Cloudy,0,No Additional Atmospheric Conditions,10,Cloudy,0,No,0000000,Not Applicable,99,Unknown,99,Unknown,99,Unknown EMS Scene Arrival Hour,99,Unknown EMS Scene Arrival Minutes,88,Not Applicable (Not Transported),88,Not Applicable (Not Transported),0,None,0,None,0,None,1,0
2019,31,310213,Nebraska,1,1,0,1,1,1,1,55,DOUGLAS (55),3620,OMAHA,21,21,12,December,2019,7,Saturday,17,5:00pm-5:59pm,56,56,0,This section IS NOT on the NHS,2,Urban,4,Minor Arterial,4,City or Municipal Highway Agency,6,Local Street - Municipality,N 60TH ST,,0,None,41.28981111,41.28981111,-96.004802780,-96.004802780,0,No Special Jurisdiction,8,Pedestrian,0,The First Harmful Event was Not a Collision with a Motor Vehicle in Transport,0,No,1,Non-Junction,1,Not an Intersection,0,None,,,1,On Roadway,3,Dark - Lighted,1,Clear,0,No Additional Atmospheric Conditions,1,Clear,0,No,0000000,Not Applicable,17,5:00pm-5:59pm,46,46,17,5:00pm-5:59pm,48,48,18,6:00pm-6:59pm,0,0,0,None,0,None,0,None,1,0
2019,31,310214,Nebraska,2,2,0,0,0,2,2,47,DAWSON (47),0,NOT APPLICABLE,24,24,12,December,2019,3,Tuesday,6,6:00am-6:59am,43,43,0,This section IS NOT on the NHS,1,Rural,4,Minor Arterial,1,State Highway Agency,2,U.S. Highway,US-30,,2412,2412,40.76281944,40.76281944,-99.682069440,-99.682069440,0,No Special Jurisdiction,12,Motor Vehicle In-Transport,2,Front-to-Front,0,No,1,Non-Junction,1,Not an Intersection,0,None,,,1,On Roadway,2,Dark - Not Lighted,1,Clear,0,No Additional Atmospheric Conditions,1,Clear,0,No,0000000,Not Applicable,6,6:00am-6:59am,44,44,6,6:00am-6:59am,56,56,7,7:00am-7:59am,7,7,0,None,0,None,0,None,1,0
2019,31,310215,Nebraska,5,5,0,0,0,17,17,25,CASS (25),0,NOT APPLICABLE,15,15,12,December,2019,1,Sunday,11,11:00am-11:59am,12,12,1,This section IS ON the NHS,1,Rural,1,Interstate,1,State Highway Agency,1,Interstate,I-80,,4231,4231,40.99210278,40.99210278,-96.355991670,-96.355991670,0,No Special Jurisdiction,12,Motor Vehicle In-Transport,1,Front-to-Rear,0,No,1,Non-Junction,1,Not an Intersection,0,None,,,1,On Roadway,1,Daylight,4,Snow,0,No Additional Atmospheric Conditions,4,Snow,0,No,0000000,Not Applicable,11,11:00am-11:59am,16,16,11,11:00am-11:59am,25,25,12,12:00pm-12:59pm,13,13,0,None,0,None,0,None,4,1
2019,31,310216,Nebraska,7,7,0,0,0,10,10,19,BUFFALO (19),0,NOT APPLICABLE,20,20,9,September,2019,6,Friday,15,3:00pm-3:59pm,5,5,1,This section IS ON the NHS,1,Rural,1,Interstate,1,State Highway Agency,1,Interstate,I-80,,2840,2840,40.69355556,40.69355556,-98.888891670,-98.888891670,0,No Special Jurisdiction,12,Motor Vehicle In-Transport,1,Front-to-Rear,0,No,1,Non-Junction,1,Not an Intersection,1,Construction,,,1,On Roadway,1,Daylight,1,Clear,0,No Additional Atmospheric Conditions,1,Clear,0,No,0000000,Not Applicable,15,3:00pm-3:59pm,34,34,15,3:00pm-3:59pm,48,48,16,4:00pm-4:59pm,15,15,0,None,0,None,0,None,3,0
2019,31,310217,Nebraska,1,1,0,0,0,1,1,55,DOUGLAS (55),3620,OMAHA,20,20,11,November,2019,4,Wednesday,7,7:00am-7:59am,50,50,0,This section IS NOT on the NHS,2,Urban,7,Local,4,City or Municipal Highway Agency,6,Local Street - Municipality,N 40TH ST,,0,None,41.26116944,41.26116944,-95.973444440,-95.973444440,0,No Special Jurisdiction,31,"Post, Pole or Other Supports",0,The First Harmful Event was Not a Collision with a Motor Vehicle in Transport,0,No,1,Non-Junction,1,Not an Intersection,0,None,,,4,On Roadside,1,Daylight,10,Cloudy,0,No Additional Atmospheric Conditions,10,Cloudy,0,No,0000000,Not Applicable,99,Unknown,99,Unknown,99,Unknown EMS Scene Arrival Hour,99,Unknown EMS Scene Arrival Minutes,99,Unknown,99,Unknown EMS Hospital Arrival Time,0,None,0,None,0,None,1,0
2020,31,310001,Nebraska,1,1,0,0,0,1,1,179,WAYNE (179),0,NOT APPLICABLE,2,2,1,January,2020,5,Thursday,99,Unknown Hours,99,Unknown Minutes,1,This section IS ON the NHS,1,Rural,4,Minor Arterial,1,State Highway Agency,3,State Highway,SR-35,,330,330,42.23538333,42.23538333,-96.939944440,-96.939944440,0,No Special Jurisdiction,1,Rollover/Overturn,0,The First Harmful Event was Not a Collision with a Motor Vehicle in Transport,0,No,1,Non-Junction,1,Not an Intersection,0,None,,,4,On Roadside,2,Dark - Not Lighted,,,,,1,Clear,0,No,0000000,Not Applicable,88,Not Applicable (Not Notified),88,Not Applicable (Not Notified),88,Not Applicable,88,Not Applicable,88,"Not Applicable (Not Transported) ",88,Not Applicable (Not Transported),,,,,,,1,0
2020,31,310002,Nebraska,1,1,0,0,0,1,1,1,ADAMS (1),0,NOT APPLICABLE,12,12,1,January,2020,1,Sunday,13,1:00pm-1:59pm,15,15,1,This section IS ON the NHS,1,Rural,3,Principal Arterial - Other,1,State Highway Agency,2,U.S. Highway,US-6,,1995,1995,40.56777222,40.56777222,-98.610363890,-98.610363890,0,No Special Jurisdiction,1,Rollover/Overturn,0,The First Harmful Event was Not a Collision with a Motor Vehicle in Transport,0,No,1,Non-Junction,1,Not an Intersection,0,None,,,4,On Roadside,1,Daylight,,,,,3,Sleet or Hail,0,No,0000000,Not Applicable,88,Not Applicable (Not Notified),88,Not Applicable (Not Notified),88,Not Applicable,88,Not Applicable,88,"Not Applicable (Not Transported) ",88,Not Applicable (Not Transported),,,,,,,1,0
2020,31,310003,Nebraska,2,1,1,0,1,1,2,67,GAGE (67),390,BEATRICE,12,12,1,January,2020,1,Sunday,2,2:00am-2:59am,0,0,1,This section IS ON the NHS,2,Urban,3,Principal Arterial - Other,1,State Highway Agency,2,U.S. Highway,US-136,,1769,1769,40.26586944,40.26586944,-96.753400000,-96.753400000,0,No Special Jurisdiction,45,"Working Motor Vehicle ",0,The First Harmful Event was Not a Collision with a Motor Vehicle in Transport,0,No,1,Non-Junction,1,Not an Intersection,2,Maintenance,,,1,On Roadway,3,Dark - Lighted,,,,,1,Clear,0,No,0000000,Not Applicable,2,2:00am-2:59am,6,6,2,2:00am-2:59am,8,8,2,2:00am-2:59am,43,43,,,,,,,1,1
2020,31,310004,Nebraska,1,1,0,0,0,1,1,151,SALINE (151),0,NOT APPLICABLE,17,17,1,January,2020,6,Friday,99,Unknown Hours,99,Unknown Minutes,0,This section IS NOT on the NHS,1,Rural,4,Minor Arterial,1,State Highway Agency,3,State Highway,SR-33,,90,90,40.62171944,40.62171944,-96.999844440,-96.999844440,0,No Special Jurisdiction,34,Ditch,0,The First Harmful Event was Not a Collision with a Motor Vehicle in Transport,0,No,1,Non-Junction,1,Not an Intersection,0,None,,,4,On Roadside,2,Dark - Not Lighted,,,,,12,Freezing Rain or Drizzle,0,No,0000000,Not Applicable,22,10:00pm-10:59pm,25,25,22,10:00pm-10:59pm,34,34,23,11:00pm-11:59pm,27,27,,,,,,,1,1
2020,31,310005,Nebraska,1,1,0,1,1,1,1,109,LANCASTER (109),0,NOT APPLICABLE,23,23,1,January,2020,5,Thursday,22,10:00pm-10:59pm,40,40,1,This section IS ON the NHS,1,Rural,1,Interstate,1,State Highway Agency,1,Interstate,I-80,,3950,3950,40.81968056,40.81968056,-96.805472220,-96.805472220,0,No Special Jurisdiction,8,Pedestrian,0,The First Harmful Event was Not a Collision with a Motor Vehicle in Transport,0,No,1,Non-Junction,1,Not an Intersection,0,None,,,2,On Shoulder,2,Dark - Not Lighted,,,,,12,Freezing Rain or Drizzle,0,No,0000000,Not Applicable,99,Unknown,98,Unknown if Notified,99,Unknown EMS Scene Arrival Hour,98,Unknown if Arrived,88,"Not Applicable (Not Transported) ",88,Not Applicable (Not Transported),,,,,,,1,0
2020,31,310006,Nebraska,1,1,0,0,0,1,1,49,DEUEL (49),0,NOT APPLICABLE,24,24,1,January,2020,6,Friday,99,Unknown Hours,99,Unknown Minutes,0,This section IS NOT on the NHS,1,Rural,5,Major Collector,2,County Highway Agency,4,County Road,CR-COUNTY ROAD 165,,0,None,41.20449167,41.20449167,-102.476236110,-102.476236110,0,No Special Jurisdiction,1,Rollover/Overturn,0,The First Harmful Event was Not a Collision with a Motor Vehicle in Transport,0,No,1,Non-Junction,1,Not an Intersection,0,None,,,4,On Roadside,2,Dark - Not Lighted,,,,,1,Clear,0,No,0000000,Not Applicable,88,Not Applicable (Not Notified),88,Not Applicable (Not Notified),88,Not Applicable,88,Not Applicable,88,"Not Applicable (Not Transported) ",88,Not Applicable (Not Transported),,,,,,,1,1
2020,31,310007,Nebraska,2,2,0,0,0,2,2,111,LINCOLN (111),0,NOT APPLICABLE,17,17,1,January,2020,6,Friday,11,11:00am-11:59am,30,30,1,This section IS ON the NHS,1,Rural,1,Interstate,1,State Highway Agency,1,Interstate,I-80,,1640,1640,41.13772778,41.13772778,-101.011961110,-101.011961110,0,No Special Jurisdiction,12,Motor Vehicle In-Transport,6,Angle,0,No,1,Non-Junction,1,Not an Intersection,0,None,,,1,On Roadway,1,Daylight,,,,,3,Sleet or Hail,0,No,0000000,Not Applicable,99,Unknown,98,Unknown if Notified,99,Unknown EMS Scene Arrival Hour,98,Unknown if Arrived,88,"Not Applicable (Not Transported) ",88,Not Applicable (Not Transported),,,,,,,1,0
2020,31,310008,Nebraska,2,2,0,0,0,2,2,69,GARDEN (69),0,NOT APPLICABLE,2,2,1,January,2020,5,Thursday,16,4:00pm-4:59pm,10,10,1,This section IS ON the NHS,1,Rural,3,Principal Arterial - Other,1,State Highway Agency,2,U.S. Highway,US-26,,1050,1050,41.40579722,41.40579722,-102.358258330,-102.358258330,0,No Special Jurisdiction,12,Motor Vehicle In-Transport,2,Front-to-Front,0,No,1,Non-Junction,1,Not an Intersection,0,None,,,1,On Roadway,1,Daylight,,,,,1,Clear,0,No,0000000,Not Applicable,99,Unknown,99,Unknown,99,Unknown EMS Scene Arrival Hour,99,Unknown EMS Scene Arrival Minutes,99,Unknown,99,Unknown EMS Hospital Arrival Time,,,,,,,1,2
2020,31,310009,Nebraska,1,1,0,0,0,1,1,55,DOUGLAS (55),3620,OMAHA,9,9,1,January,2020,5,Thursday,20,8:00pm-8:59pm,13,13,0,This section IS NOT on the NHS,2,Urban,4,Minor Arterial,4,City or Municipal Highway Agency,6,Local Street - Municipality,FORT ST,,0,None,41.30658889,41.30658889,-96.138936110,-96.138936110,0,No Special Jurisdiction,42,Tree (Standing Only),0,The First Harmful Event was Not a Collision with a Motor Vehicle in Transport,0,No,1,Non-Junction,1,Not an Intersection,0,None,,,4,On Roadside,3,Dark - Lighted,,,,,1,Clear,0,No,0000000,Not Applicable,20,8:00pm-8:59pm,15,15,20,8:00pm-8:59pm,17,17,20,8:00pm-8:59pm,38,38,,,,,,,1,1
2020,31,310010,Nebraska,2,2,0,0,0,3,3,79,HALL (79),0,NOT APPLICABLE,5,5,1,January,2020,1,Sunday,19,7:00pm-7:59pm,32,32,1,This section IS ON the NHS,1,Rural,1,Interstate,1,State Highway Agency,1,Interstate,I-80,,3080,3080,40.80870000,40.80870000,-98.455025000,-98.455025000,0,No Special Jurisdiction,12,Motor Vehicle In-Transport,6,Angle,0,No,1,Non-Junction,1,Not an Intersection,0,None,,,1,On Roadway,1,Daylight,,,,,1,Clear,0,No,0000000,Not Applicable,19,7:00pm-7:59pm,50,50,20,8:00pm-8:59pm,2,2,20,8:00pm-8:59pm,40,40,,,,,,,1,1
2020,31,310011,Nebraska,3,3,0,0,0,3,3,109,LANCASTER (109),0,NOT APPLICABLE,21,21,1,January,2020,3,Tuesday,21,9:00pm-9:59pm,9,9,0,This section IS NOT on the NHS,1,Rural,5,Major Collector,1,State Highway Agency,3,State Highway,SR-79,,10,10,40.89618611,40.89618611,-96.795736110,-96.795736110,0,No Special Jurisdiction,12,Motor Vehicle In-Transport,2,Front-to-Front,0,No,1,Non-Junction,1,Not an Intersection,0,None,,,1,On Roadway,2,Dark - Not Lighted,,,,,12,Freezing Rain or Drizzle,0,No,0000000,Not Applicable,99,Unknown,98,Unknown if Notified,99,Unknown EMS Scene Arrival Hour,98,Unknown if Arrived,88,"Not Applicable (Not Transported) ",88,Not Applicable (Not Transported),,,,,,,1,1
2020,31,310012,Nebraska,2,2,0,0,0,2,2,13,BOX BUTTE (13),0,NOT APPLICABLE,27,27,1,January,2020,2,Monday,18,6:00pm-6:59pm,0,0,1,This section IS ON the NHS,1,Rural,3,Principal Arterial - Other,1,State Highway Agency,2,U.S. Highway,US-385,,1115,1115,42.13723889,42.13723889,-102.915808330,-102.915808330,0,No Special Jurisdiction,12,Motor Vehicle In-Transport,2,Front-to-Front,0,No,1,Non-Junction,1,Not an Intersection,0,None,,,1,On Roadway,2,Dark - Not Lighted,,,,,1,Clear,0,No,0000000,Not Applicable,18,6:00pm-6:59pm,2,2,18,6:00pm-6:59pm,9,9,18,6:00pm-6:59pm,47,47,,,,,,,1,1
2020,31,310013,Nebraska,1,1,0,0,0,1,1,55,DOUGLAS (55),3620,OMAHA,11,11,2,February,2020,3,Tuesday,11,11:00am-11:59am,17,17,1,This section IS ON the NHS,2,Urban,1,Interstate,1,State Highway Agency,1,Interstate,I-680,,29,29,41.26487500,41.26487500,-96.078375000,-96.078375000,0,No Special Jurisdiction,24,Guardrail Face,0,The First Harmful Event was Not a Collision with a Motor Vehicle in Transport,0,No,1,Non-Junction,1,Not an Intersection,0,None,,,4,On Roadside,1,Daylight,,,,,1,Clear,0,No,0000000,Not Applicable,11,11:00am-11:59am,18,18,11,11:00am-11:59am,12,12,88,"Not Applicable (Not Transported) ",88,Not Applicable (Not Transported),,,,,,,1,0
2020,31,310014,Nebraska,1,1,0,0,0,1,1,37,COLFAX (37),0,NOT APPLICABLE,13,13,2,February,2020,5,Thursday,1,1:00am-1:59am,48,48,1,This section IS ON the NHS,1,Rural,2,Principal Arterial - Other Freeways and Expressways,1,State Highway Agency,2,U.S. Highway,US-30,,3886,3886,41.44988056,41.44988056,-97.211600000,-97.211600000,0,No Special Jurisdiction,1,Rollover/Overturn,0,The First Harmful Event was Not a Collision with a Motor Vehicle in Transport,0,No,1,Non-Junction,1,Not an Intersection,0,None,,,4,On Roadside,2,Dark - Not Lighted,,,,,1,Clear,0,No,0000000,Not Applicable,88,Not Applicable (Not Notified),88,Not Applicable (Not Notified),88,Not Applicable,88,Not Applicable,88,"Not Applicable (Not Transported) ",88,Not Applicable (Not Transported),,,,,,,1,1
2020,31,310015,Nebraska,1,1,0,0,0,2,2,55,DOUGLAS (55),3620,OMAHA,18,18,2,February,2020,3,Tuesday,1,1:00am-1:59am,25,25,0,This section IS NOT on the NHS,2,Urban,7,Local,4,City or Municipal Highway Agency,6,Local Street - Municipality,N 16TH ST,,0,None,41.29764167,41.29764167,-95.937333330,-95.937333330,0,No Special Jurisdiction,1,Rollover/Overturn,0,The First Harmful Event was Not a Collision with a Motor Vehicle in Transport,0,No,1,Non-Junction,1,Not an Intersection,0,None,,,4,On Roadside,3,Dark - Lighted,,,,,1,Clear,0,No,0000000,Not Applicable,1,1:00am-1:59am,30,30,1,1:00am-1:59am,34,34,1,1:00am-1:59am,56,56,,,,,,,1,1
2020,31,310016,Nebraska,2,2,0,0,0,2,2,21,BURT (21),0,NOT APPLICABLE,20,20,2,February,2020,5,Thursday,6,6:00am-6:59am,37,37,1,This section IS ON the NHS,1,Rural,3,Principal Arterial - Other,1,State Highway Agency,2,U.S. Highway,US-77,,1402,1402,41.79227222,41.79227222,-96.485058330,-96.485058330,0,No Special Jurisdiction,12,Motor Vehicle In-Transport,6,Angle,0,No,1,Non-Junction,1,Not an Intersection,0,None,,,1,On Roadway,2,Dark - Not Lighted,,,,,1,Clear,0,No,0000000,Not Applicable,88,Not Applicable (Not Notified),88,Not Applicable (Not Notified),88,Not Applicable,88,Not Applicable,88,"Not Applicable (Not Transported) ",88,Not Applicable (Not Transported),,,,,,,1,0
2020,31,310017,Nebraska,1,1,0,0,0,1,1,55,DOUGLAS (55),0,NOT APPLICABLE,23,23,2,February,2020,1,Sunday,13,1:00pm-1:59pm,52,52,0,This section IS NOT on the NHS,1,Rural,5,Major Collector,2,County Highway Agency,4,County Road,CR-S 264TH STREET,,0,None,41.22129167,41.22129167,-96.330258330,-96.330258330,0,No Special Jurisdiction,11,Live Animal,0,The First Harmful Event was Not a Collision with a Motor Vehicle in Transport,0,No,1,Non-Junction,1,Not an Intersection,0,None,,,1,On Roadway,1,Daylight,,,,,1,Clear,0,No,0000000,Not Applicable,14,2:00pm-2:59pm,1,1,14,2:00pm-2:59pm,26,26,15,3:00pm-3:59pm,4,4,,,,,,,1,0
2020,31,310018,Nebraska,2,2,0,0,0,2,2,147,RICHARDSON (147),0,NOT APPLICABLE,19,19,2,February,2020,4,Wednesday,6,6:00am-6:59am,33,33,1,This section IS ON the NHS,1,Rural,3,Principal Arterial - Other,1,State Highway Agency,2,U.S. Highway,US-75,,180,180,40.25447778,40.25447778,-95.841366670,-95.841366670,0,No Special Jurisdiction,12,Motor Vehicle In-Transport,2,Front-to-Front,0,No,1,Non-Junction,1,Not an Intersection,0,None,,,1,On Roadway,4,Dawn,,,,,1,Clear,0,No,0000000,Not Applicable,99,Unknown,99,Unknown,99,Unknown EMS Scene Arrival Hour,99,Unknown EMS Scene Arrival Minutes,99,Unknown,99,Unknown EMS Hospital Arrival Time,,,,,,,1,0
2020,31,310019,Nebraska,2,2,0,0,0,2,2,55,DOUGLAS (55),3620,OMAHA,18,18,2,February,2020,3,Tuesday,2,2:00am-2:59am,11,11,1,This section IS ON the NHS,2,Urban,2,Principal Arterial - Other Freeways and Expressways,1,State Highway Agency,2,U.S. Highway,US-75,,868,868,41.21675833,41.21675833,-95.953344440,-95.953344440,0,No Special Jurisdiction,12,Motor Vehicle In-Transport,2,Front-to-Front,0,No,1,Non-Junction,1,Not an Intersection,0,None,,,1,On Roadway,3,Dark - Lighted,,,,,1,Clear,0,No,0000000,Not Applicable,99,Unknown,98,Unknown if Notified,99,Unknown EMS Scene Arrival Hour,98,Unknown if Arrived,88,"Not Applicable (Not Transported) ",88,Not Applicable (Not Transported),,,,,,,2,1
2020,31,310020,Nebraska,2,2,0,0,0,4,4,55,DOUGLAS (55),3620,OMAHA,1,1,2,February,2020,7,Saturday,17,5:00pm-5:59pm,44,44,0,This section IS NOT on the NHS,2,Urban,5,Major Collector,4,City or Municipal Highway Agency,6,Local Street - Municipality,N 56TH ST,HARTMAN AVE,0,None,41.31035556,41.31035556,-95.999830560,-95.999830560,0,No Special Jurisdiction,12,Motor Vehicle In-Transport,6,Angle,0,No,2,Intersection,2,Four-Way Intersection,0,None,,,1,On Roadway,3,Dark - Lighted,,,,,1,Clear,0,No,0000000,Not Applicable,17,5:00pm-5:59pm,48,48,17,5:00pm-5:59pm,52,52,18,6:00pm-6:59pm,20,20,,,,,,,1,0
2020,31,310021,Nebraska,1,1,0,1,1,2,2,159,SEWARD (159),0,NOT APPLICABLE,13,13,2,February,2020,5,Thursday,15,3:00pm-3:59pm,42,42,1,This section IS ON the NHS,1,Rural,1,Interstate,1,State Highway Agency,1,Interstate,I-80,,3860,3860,40.82247222,40.82247222,-97.170994440,-97.170994440,0,No Special Jurisdiction,8,Pedestrian,0,The First Harmful Event was Not a Collision with a Motor Vehicle in Transport,0,No,1,Non-Junction,1,Not an Intersection,0,None,,,1,On Roadway,1,Daylight,,,,,1,Clear,0,No,0000000,Not Applicable,99,Unknown,99,Unknown,99,Unknown EMS Scene Arrival Hour,99,Unknown EMS Scene Arrival Minutes,99,Unknown,99,Unknown EMS Hospital Arrival Time,,,,,,,1,0
2020,31,310022,Nebraska,2,2,0,0,0,2,2,109,LANCASTER (109),0,NOT APPLICABLE,15,15,2,February,2020,7,Saturday,23,11:00pm-11:59pm,34,34,0,This section IS NOT on the NHS,1,Rural,4,Minor Arterial,1,State Highway Agency,3,State Highway,SR-43,,60,60,40.55237500,40.55237500,-96.501544440,-96.501544440,0,No Special Jurisdiction,12,Motor Vehicle In-Transport,2,Front-to-Front,0,No,1,Non-Junction,1,Not an Intersection,0,None,,,1,On Roadway,2,Dark - Not Lighted,,,,,1,Clear,0,No,0000000,Not Applicable,23,11:00pm-11:59pm,25,25,23,11:00pm-11:59pm,50,50,0,0:00am-0:59am,47,47,,,,,,,1,0
2020,31,310023,Nebraska,2,2,0,0,0,4,4,155,SAUNDERS (155),0,NOT APPLICABLE,3,3,2,February,2020,2,Monday,9,9:00am-9:59am,25,25,0,This section IS NOT on the NHS,1,Rural,7,Local,2,County Highway Agency,4,County Road,CR-25,CR-S,0,None,41.32156667,41.32156667,-96.775441670,-96.775441670,0,No Special Jurisdiction,12,Motor Vehicle In-Transport,6,Angle,0,No,2,Intersection,2,Four-Way Intersection,0,None,,,1,On Roadway,1,Daylight,,,,,10,Cloudy,0,No,0000000,Not Applicable,88,Not Applicable (Not Notified),88,Not Applicable (Not Notified),88,Not Applicable,88,Not Applicable,88,"Not Applicable (Not Transported) ",88,Not Applicable (Not Transported),,,,,,,1,0
2020,31,310024,Nebraska,2,2,0,0,0,2,2,109,LANCASTER (109),0,NOT APPLICABLE,5,5,2,February,2020,4,Wednesday,7,7:00am-7:59am,47,47,1,This section IS ON the NHS,1,Rural,2,Principal Arterial - Other Freeways and Expressways,1,State Highway Agency,2,U.S. Highway,US-77,,507,507,40.66093611,40.66093611,-96.705258330,-96.705258330,0,No Special Jurisdiction,12,Motor Vehicle In-Transport,2,Front-to-Front,0,No,1,Non-Junction,1,Not an Intersection,0,None,,,1,On Roadway,1,Daylight,,,,,4,Snow,0,No,0000000,Not Applicable,7,7:00am-7:59am,48,48,8,8:00am-8:59am,2,2,9,9:00am-9:59am,13,13,,,,,,,1,0