caseyear,state,st_case,statename,ve_total,ve_forms,pvh_invl,peds,pernotmvit,permvit,persons,county,countyname,city,cityname,day,dayname,month,monthname,year,day_week,day_weekname,hour,hourname,minute,minutename,nhs,nhsname,rur_urb,rur_urbname,func_sys,func_sysname,rd_owner,rd_ownername,route,routename,tway_id,tway_id2,milept,mileptname,latitude,latitudename,longitud,longitudname,sp_jur,sp_jurname,harm_ev,harm_evname,man_coll,man_collname,reljct1,reljct1name,reljct2,reljct2name,typ_int,typ_intname,wrk_zone,wrk_zonename,road_fnc,road_fncname,rel_road,rel_roadname,lgt_cond,lgt_condname,weather1,weather1name,weather2,weather2name,weather,weathername,sch_bus,sch_busname,rail,railname,not_hour,not_hourname,not_min,not_minname,arr_hour,arr_hourname,arr_min,arr_minname,hosp_hr,hosp_hrname,hosp_mn,hosp_mnname,cf1,cf1name,cf2,cf2name,cf3,cf3name,fatals,drunk_dr
2020,31,310025,Nebraska,2,2,0,0,0,2,2,169,THAYER (169),0,NOT APPLICABLE,13,13,2,February,2020,5,Thursday,10,10:00am-10:59am,47,47,1,This section IS ON the NHS,1,Rural,3,Principal Arterial - Other,1,State Highway Agency,2,U.S. Highway,US-81,SR-8,10,10,40.01678056,40.01678056,-97.612383330,-97.612383330,0,No Special Jurisdiction,12,Motor Vehicle In-Transport,6,Angle,0,No,2,Intersection,2,Four-Way Intersection,0,None,,,1,On Roadway,1,Daylight,,,,,1,Clear,0,No,0000000,Not Applicable,10,10:00am-10:59am,52,52,10,10:00am-10:59am,58,58,11,11:00am-11:59am,16,16,,,,,,,1,0
2020,31,310026,Nebraska,2,2,0,0,0,6,6,153,SARPY (153),0,NOT APPLICABLE,9,9,2,February,2020,1,Sunday,20,8:00pm-8:59pm,14,14,1,This section IS ON the NHS,2,Urban,1,Interstate,1,State Highway Agency,1,Interstate,I-80,,4390,4390,41.14175556,41.14175556,-96.163486110,-96.163486110,0,No Special Jurisdiction,12,Motor Vehicle In-Transport,1,Front-to-Rear,0,No,1,Non-Junction,1,Not an Intersection,0,None,,,1,On Roadway,3,Dark - Lighted,,,,,1,Clear,0,No,0000000,Not Applicable,20,8:00pm-8:59pm,14,14,20,8:00pm-8:59pm,21,21,21,9:00pm-9:59pm,0,0,,,,,,,1,1
2020,31,310027,Nebraska,1,1,0,0,0,4,4,21,BURT (21),0,NOT APPLICABLE,28,28,2,February,2020,6,Friday,11,11:00am-11:59am,55,55,0,This section IS NOT on the NHS,1,Rural,4,Minor Arterial,1,State Highway Agency,2,U.S. Highway,US-75,,1500,1500,42.02266667,42.02266667,-96.260366670,-96.260366670,0,No Special Jurisdiction,42,Tree (Standing Only),0,The First Harmful Event was Not a Collision with a Motor Vehicle in Transport,0,No,1,Non-Junction,1,Not an Intersection,0,None,,,4,On Roadside,1,Daylight,,,,,10,Cloudy,0,No,0000000,Not Applicable,12,12:00pm-12:59pm,4,4,12,12:00pm-12:59pm,16,16,99,Unknown,99,Unknown EMS Hospital Arrival Time,,,,,,,1,1
2020,31,310028,Nebraska,2,2,0,0,0,4,4,1,ADAMS (1),0,NOT APPLICABLE,16,16,2,February,2020,1,Sunday,15,3:00pm-3:59pm,53,53,1,This section IS ON the NHS,1,Rural,3,Principal Arterial - Other,1,State Highway Agency,2,U.S. Highway,US-6,CR-ROSELAND AVE,2025,2025,40.56792778,40.56792778,-98.554197220,-98.554197220,0,No Special Jurisdiction,12,Motor Vehicle In-Transport,6,Angle,0,No,2,Intersection,3,T-Intersection,0,None,,,1,On Roadway,1,Daylight,,,,,1,Clear,0,No,0000000,Not Applicable,99,Unknown,99,Unknown,99,Unknown EMS Scene Arrival Hour,99,Unknown EMS Scene Arrival Minutes,99,Unknown,99,Unknown EMS Hospital Arrival Time,,,,,,,1,0
2020,31,310029,Nebraska,3,3,0,0,0,7,7,55,DOUGLAS (55),3620,OMAHA,29,29,2,February,2020,7,Saturday,20,8:00pm-8:59pm,14,14,0,This section IS NOT on the NHS,2,Urban,4,Minor Arterial,4,City or Municipal Highway Agency,6,Local Street - Municipality,Q STREET,S 156TH STREET,0,None,41.20531111,41.20531111,-96.158169440,-96.158169440,0,No Special Jurisdiction,12,Motor Vehicle In-Transport,6,Angle,0,No,2,Intersection,2,Four-Way Intersection,0,None,,,1,On Roadway,3,Dark - Lighted,,,,,10,Cloudy,0,No,0000000,Not Applicable,20,8:00pm-8:59pm,15,15,20,8:00pm-8:59pm,19,19,20,8:00pm-8:59pm,41,41,,,,,,,1,1
2020,31,310030,Nebraska,2,2,0,0,0,3,3,53,DODGE (53),0,NOT APPLICABLE,3,3,3,March,2020,3,Tuesday,5,5:00am-5:59am,50,50,0,This section IS NOT on the NHS,1,Rural,4,Minor Arterial,1,State Highway Agency,3,State Highway,SR-91,,1921,1921,41.70636944,41.70636944,-96.736169440,-96.736169440,0,No Special Jurisdiction,12,Motor Vehicle In-Transport,6,Angle,0,No,1,Non-Junction,1,Not an Intersection,0,None,,,2,On Shoulder,4,Dawn,,,,,1,Clear,0,No,0000000,Not Applicable,99,Unknown,98,Unknown if Notified,99,Unknown EMS Scene Arrival Hour,98,Unknown if Arrived,88,"Not Applicable (Not Transported) ",88,Not Applicable (Not Transported),,,,,,,1,0
2020,31,310031,Nebraska,2,2,0,0,0,2,2,109,LANCASTER (109),2830,LINCOLN,4,4,3,March,2020,4,Wednesday,19,7:00pm-7:59pm,9,9,1,This section IS ON the NHS,2,Urban,3,Principal Arterial - Other,1,State Highway Agency,3,State Highway,SR-2,HIGH ST,4541,4541,40.78102500,40.78102500,-96.706294440,-96.706294440,0,No Special Jurisdiction,12,Motor Vehicle In-Transport,6,Angle,0,No,2,Intersection,2,Four-Way Intersection,0,None,,,1,On Roadway,1,Daylight,,,,,1,Clear,0,No,0000000,Not Applicable,19,7:00pm-7:59pm,9,9,19,7:00pm-7:59pm,13,13,19,7:00pm-7:59pm,29,29,,,,,,,1,1
2020,31,310032,Nebraska,1,1,0,0,0,1,1,33,CHEYENNE (33),0,NOT APPLICABLE,12,12,3,March,2020,5,Thursday,10,10:00am-10:59am,44,44,1,This section IS ON the NHS,1,Rural,1,Interstate,1,State Highway Agency,1,Interstate,I-80,,741,741,41.11317500,41.11317500,-102.679644440,-102.679644440,0,No Special Jurisdiction,1,Rollover/Overturn,0,The First Harmful Event was Not a Collision with a Motor Vehicle in Transport,0,No,1,Non-Junction,1,Not an Intersection,0,None,,,1,On Roadway,1,Daylight,,,,,1,Clear,0,No,0000000,Not Applicable,99,Unknown,99,Unknown,99,Unknown EMS Scene Arrival Hour,99,Unknown EMS Scene Arrival Minutes,99,Unknown,99,Unknown EMS Hospital Arrival Time,,,,,,,1,0
2020,31,310033,Nebraska,2,2,0,0,0,6,6,95,JEFFERSON (95),0,NOT APPLICABLE,13,13,3,March,2020,6,Friday,23,11:00pm-11:59pm,23,23,0,This section IS NOT on the NHS,1,Rural,4,Minor Arterial,1,State Highway Agency,3,State Highway,SR-4,,1381,1381,40.30619722,40.30619722,-97.095830560,-97.095830560,0,No Special Jurisdiction,12,Motor Vehicle In-Transport,2,Front-to-Front,0,No,1,Non-Junction,1,Not an Intersection,0,None,,,1,On Roadway,2,Dark - Not Lighted,,,,,4,Snow,0,No,0000000,Not Applicable,23,11:00pm-11:59pm,44,44,0,0:00am-0:59am,5,5,0,0:00am-0:59am,42,42,,,,,,,1,0
2020,31,310034,Nebraska,1,1,0,0,0,1,1,109,LANCASTER (109),2830,LINCOLN,14,14,3,March,2020,7,Saturday,99,Unknown Hours,99,Unknown Minutes,0,This section IS NOT on the NHS,2,Urban,4,Minor Arterial,4,City or Municipal Highway Agency,6,Local Street - Municipality,SALTILLO RD,,0,None,40.69738056,40.69738056,-96.690197220,-96.690197220,0,No Special Jurisdiction,34,Ditch,0,The First Harmful Event was Not a Collision with a Motor Vehicle in Transport,0,No,1,Non-Junction,1,Not an Intersection,0,None,,,4,On Roadside,2,Dark - Not Lighted,,,,,1,Clear,0,No,0000000,Not Applicable,88,Not Applicable (Not Notified),88,Not Applicable (Not Notified),88,Not Applicable,88,Not Applicable,88,"Not Applicable (Not Transported) ",88,Not Applicable (Not Transported),,,,,,,1,1
2020,31,310035,Nebraska,2,2,0,0,0,2,2,117,MCPHERSON (117),0,NOT APPLICABLE,23,23,3,March,2020,2,Monday,10,10:00am-10:59am,13,13,0,This section IS NOT on the NHS,1,Rural,5,Major Collector,1,State Highway Agency,3,State Highway,SR-97,,0,None,41.42634722,41.42634722,-100.861611110,-100.861611110,0,No Special Jurisdiction,12,Motor Vehicle In-Transport,6,Angle,0,No,1,Non-Junction,1,Not an Intersection,0,None,,,1,On Roadway,1,Daylight,,,,,5,"Fog, Smog, Smoke",0,No,0000000,Not Applicable,99,Unknown,99,Unknown,99,Unknown EMS Scene Arrival Hour,99,Unknown EMS Scene Arrival Minutes,99,Unknown,99,Unknown EMS Hospital Arrival Time,,,,,,,1,0
2020,31,310036,Nebraska,2,2,0,0,0,5,5,49,DEUEL (49),0,NOT APPLICABLE,23,23,3,March,2020,2,Monday,7,7:00am-7:59am,7,7,1,This section IS ON the NHS,1,Rural,1,Interstate,1,State Highway Agency,1,Interstate,I-80,,1030,1030,41.02785278,41.02785278,-102.162016670,-102.162016670,0,No Special Jurisdiction,12,Motor Vehicle In-Transport,6,Angle,0,No,1,Non-Junction,1,Not an Intersection,4,"Work Zone, Type Unknown",,,1,On Roadway,1,Daylight,,,,,5,"Fog, Smog, Smoke",0,No,0000000,Not Applicable,99,Unknown,99,Unknown,99,Unknown EMS Scene Arrival Hour,99,Unknown EMS Scene Arrival Minutes,99,Unknown,99,Unknown EMS Hospital Arrival Time,,,,,,,2,2
2020,31,310037,Nebraska,1,1,0,0,0,1,1,23,BUTLER (23),0,NOT APPLICABLE,24,24,3,March,2020,3,Tuesday,0,0:00am-0:59am,12,12,0,This section IS NOT on the NHS,1,Rural,5,Major Collector,1,State Highway Agency,3,State Highway,SR-66,,490,490,41.07544722,41.07544722,-97.063052780,-97.063052780,0,No Special Jurisdiction,32,Culvert,0,The First Harmful Event was Not a Collision with a Motor Vehicle in Transport,0,No,1,Non-Junction,1,Not an Intersection,0,None,,,4,On Roadside,2,Dark - Not Lighted,,,,,1,Clear,0,No,0000000,Not Applicable,0,0:00am-0:59am,14,14,0,0:00am-0:59am,28,28,0,0:00am-0:59am,57,57,,,,,,,1,1
2020,31,310038,Nebraska,1,1,0,1,1,2,2,109,LANCASTER (109),2830,LINCOLN,28,28,3,March,2020,7,Saturday,99,Unknown Hours,99,Unknown Minutes,0,This section IS NOT on the NHS,2,Urban,4,Minor Arterial,4,City or Municipal Highway Agency,6,Local Street - Municipality,HOLDREGE ST,,0,None,40.82802778,40.82802778,-96.666305560,-96.666305560,0,No Special Jurisdiction,8,Pedestrian,0,The First Harmful Event was Not a Collision with a Motor Vehicle in Transport,0,No,1,Non-Junction,1,Not an Intersection,0,None,,,1,On Roadway,3,Dark - Lighted,,,,,10,Cloudy,0,No,0000000,Not Applicable,99,Unknown,98,Unknown if Notified,99,Unknown EMS Scene Arrival Hour,98,Unknown if Arrived,88,"Not Applicable (Not Transported) ",88,Not Applicable (Not Transported),,,,,,,1,0
2020,31,310039,Nebraska,1,1,0,0,0,1,1,153,SARPY (153),0,NOT APPLICABLE,5,5,4,April,2020,1,Sunday,16,4:00pm-4:59pm,20,20,0,This section IS NOT on the NHS,1,Rural,4,Minor Arterial,1,State Highway Agency,3,State Highway,SR-31,,26,26,41.01162778,41.01162778,-96.205066670,-96.205066670,0,No Special Jurisdiction,1,Rollover/Overturn,0,The First Harmful Event was Not a Collision with a Motor Vehicle in Transport,0,No,1,Non-Junction,1,Not an Intersection,0,None,,,4,On Roadside,1,Daylight,,,,,1,Clear,0,No,0000000,Not Applicable,99,Unknown,98,Unknown if Notified,99,Unknown EMS Scene Arrival Hour,98,Unknown if Arrived,88,"Not Applicable (Not Transported) ",88,Not Applicable (Not Transported),,,,,,,1,1
2020,31,310040,Nebraska,1,1,0,0,0,2,2,79,HALL (79),0,NOT APPLICABLE,7,7,4,April,2020,3,Tuesday,7,7:00am-7:59am,59,59,1,This section IS ON the NHS,1,Rural,1,Interstate,1,State Highway Agency,1,Interstate,I-80,,2980,2980,40.72154167,40.72154167,-98.710886110,-98.710886110,0,No Special Jurisdiction,1,Rollover/Overturn,0,The First Harmful Event was Not a Collision with a Motor Vehicle in Transport,0,No,1,Non-Junction,1,Not an Intersection,0,None,,,4,On Roadside,1,Daylight,,,,,1,Clear,0,No,0000000,Not Applicable,8,8:00am-8:59am,1,1,8,8:00am-8:59am,15,15,8,8:00am-8:59am,38,38,,,,,,,1,0
2020,31,310041,Nebraska,1,1,0,0,0,1,1,109,LANCASTER (109),2830,LINCOLN,10,10,4,April,2020,6,Friday,99,Unknown Hours,99,Unknown Minutes,0,This section IS NOT on the NHS,2,Urban,7,Local,4,City or Municipal Highway Agency,6,Local Street - Municipality,VINE STREET,"N 27TH ",0,None,40.82074444,40.82074444,-96.682316670,-96.682316670,0,No Special Jurisdiction,26,Other Traffic Barrier,0,The First Harmful Event was Not a Collision with a Motor Vehicle in Transport,0,No,3,Intersection-Related,2,Four-Way Intersection,0,None,,,4,On Roadside,3,Dark - Lighted,,,,,10,Cloudy,0,No,0000000,Not Applicable,3,3:00am-3:59am,10,10,3,3:00am-3:59am,14,14,88,"Not Applicable (Not Transported) ",88,Not Applicable (Not Transported),,,,,,,1,0
2020,31,310042,Nebraska,1,1,0,0,0,1,1,159,SEWARD (159),0,NOT APPLICABLE,19,19,4,April,2020,1,Sunday,99,Unknown Hours,99,Unknown Minutes,0,This section IS NOT on the NHS,1,Rural,4,Minor Arterial,1,State Highway Agency,2,U.S. Highway,US-6,CR-PIONEERS ROAD,2889,2889,40.77076944,40.77076944,-97.114300000,-97.114300000,0,No Special Jurisdiction,31,"Post, Pole or Other Supports",0,The First Harmful Event was Not a Collision with a Motor Vehicle in Transport,0,No,3,Intersection-Related,4,Y-Intersection,0,None,,,4,On Roadside,2,Dark - Not Lighted,,,,,1,Clear,0,No,0000000,Not Applicable,0,0:00am-0:59am,27,27,0,0:00am-0:59am,41,41,0,0:00am-0:59am,58,58,,,,,,,1,0
2020,31,310043,Nebraska,1,1,0,0,0,1,1,141,PLATTE (141),1100,COLUMBUS,19,19,4,April,2020,1,Sunday,19,7:00pm-7:59pm,27,27,0,This section IS NOT on the NHS,2,Urban,7,Local,4,City or Municipal Highway Agency,6,Local Street - Municipality,LAKESHORE DRIVE,,0,None,41.41691111,41.41691111,-97.383972220,-97.383972220,0,No Special Jurisdiction,1,Rollover/Overturn,0,The First Harmful Event was Not a Collision with a Motor Vehicle in Transport,0,No,1,Non-Junction,1,Not an Intersection,0,None,,,4,On Roadside,1,Daylight,,,,,1,Clear,0,No,0000000,Not Applicable,19,7:00pm-7:59pm,27,27,19,7:00pm-7:59pm,33,33,19,7:00pm-7:59pm,49,49,,,,,,,1,1
2020,31,310045,Nebraska,2,2,0,0,0,4,4,67,GAGE (67),0,NOT APPLICABLE,10,10,4,April,2020,6,Friday,11,11:00am-11:59am,50,50,1,This section IS ON the NHS,1,Rural,3,Principal Arterial - Other,1,State Highway Agency,2,U.S. Highway,US-77,,308,308,40.38917222,40.38917222,-96.742691670,-96.742691670,0,No Special Jurisdiction,12,Motor Vehicle In-Transport,1,Front-to-Rear,0,No,1,Non-Junction,1,Not an Intersection,0,None,,,1,On Roadway,1,Daylight,,,,,1,Clear,0,No,0000000,Not Applicable,11,11:00am-11:59am,53,53,11,11:00am-11:59am,58,58,12,12:00pm-12:59pm,45,45,,,,,,,1,0
2020,31,310046,Nebraska,2,2,0,0,0,3,3,53,DODGE (53),0,NOT APPLICABLE,23,23,4,April,2020,5,Thursday,5,5:00am-5:59am,0,0,1,This section IS ON the NHS,1,Rural,3,Principal Arterial - Other,1,State Highway Agency,2,U.S. Highway,US-30,,4062,4062,41.46687500,41.46687500,-96.874722220,-96.874722220,0,No Special Jurisdiction,12,Motor Vehicle In-Transport,2,Front-to-Front,0,No,1,Non-Junction,1,Not an Intersection,4,"Work Zone, Type Unknown",,,1,On Roadway,2,Dark - Not Lighted,,,,,7,"Blowing Sand, Soil, Dirt",0,No,0000000,Not Applicable,5,5:00am-5:59am,14,14,5,5:00am-5:59am,21,21,99,Unknown,99,Unknown EMS Hospital Arrival Time,,,,,,,1,0
2020,31,310047,Nebraska,2,2,0,0,0,5,5,119,MADISON (119),0,NOT APPLICABLE,14,14,4,April,2020,3,Tuesday,15,3:00pm-3:59pm,35,35,1,This section IS ON the NHS,1,Rural,3,Principal Arterial - Other,1,State Highway Agency,2,U.S. Highway,US-81,SR-32,1426,1426,41.82870833,41.82870833,-97.443636110,-97.443636110,0,No Special Jurisdiction,12,Motor Vehicle In-Transport,6,Angle,0,No,2,Intersection,2,Four-Way Intersection,0,None,,,1,On Roadway,1,Daylight,,,,,1,Clear,0,No,0000000,Not Applicable,15,3:00pm-3:59pm,36,36,15,3:00pm-3:59pm,43,43,16,4:00pm-4:59pm,19,19,,,,,,,1,0
2020,31,310048,Nebraska,1,1,0,0,0,1,1,109,LANCASTER (109),2830,LINCOLN,15,15,5,May,2020,6,Friday,10,10:00am-10:59am,43,43,1,This section IS ON the NHS,1,Rural,1,Interstate,1,State Highway Agency,1,Interstate,I-80,,3952,3952,40.81770000,40.81770000,-96.791297220,-96.791297220,0,No Special Jurisdiction,31,"Post, Pole or Other Supports",0,The First Harmful Event was Not a Collision with a Motor Vehicle in Transport,0,No,1,Non-Junction,1,Not an Intersection,0,None,,,4,On Roadside,1,Daylight,,,,,1,Clear,0,No,0000000,Not Applicable,88,Not Applicable (Not Notified),88,Not Applicable (Not Notified),88,Not Applicable,88,Not Applicable,88,"Not Applicable (Not Transported) ",88,Not Applicable (Not Transported),,,,,,,1,0
2020,31,310049,Nebraska,1,1,0,0,0,1,1,55,DOUGLAS (55),3620,OMAHA,9,9,5,May,2020,7,Saturday,4,4:00am-4:59am,3,3,1,This section IS ON the NHS,2,Urban,3,Principal Arterial - Other,4,City or Municipal Highway Agency,6,Local Street - Municipality,ABBOTT DR,,0,None,41.27382500,41.27382500,-95.919608330,-95.919608330,0,No Special Jurisdiction,42,Tree (Standing Only),0,The First Harmful Event was Not a Collision with a Motor Vehicle in Transport,0,No,1,Non-Junction,1,Not an Intersection,0,None,,,4,On Roadside,3,Dark - Lighted,,,,,1,Clear,0,No,0000000,Not Applicable,4,4:00am-4:59am,3,3,4,4:00am-4:59am,8,8,88,"Not Applicable (Not Transported) ",88,Not Applicable (Not Transported),,,,,,,1,1
2020,31,310050,Nebraska,1,1,0,0,0,1,1,25,CASS (25),0,NOT APPLICABLE,1,1,5,May,2020,6,Friday,10,10:00am-10:59am,49,49,0,This section IS NOT on the NHS,1,Rural,7,Local,2,County Highway Agency,4,County Road,CR-810 120TH ST,,0,None,40.82157222,40.82157222,-96.102375000,-96.102375000,0,No Special Jurisdiction,35,Embankment,0,The First Harmful Event was Not a Collision with a Motor Vehicle in Transport,0,No,1,Non-Junction,1,Not an Intersection,0,None,,,4,On Roadside,1,Daylight,,,,,1,Clear,0,No,0000000,Not Applicable,88,Not Applicable (Not Notified),88,Not Applicable (Not Notified),88,Not Applicable,88,Not Applicable,88,"Not Applicable (Not Transported) ",88,Not Applicable (Not Transported),,,,,,,1,1
2020,31,310051,Nebraska,1,1,0,0,0,1,1,79,HALL (79),0,NOT APPLICABLE,16,16,5,May,2020,7,Saturday,99,Unknown Hours,99,Unknown Minutes,0,This section IS NOT on the NHS,1,Rural,4,Minor Arterial,1,State Highway Agency,3,State Highway,SR-11,,82,82,40.81501389,40.81501389,-98.603269440,-98.603269440,0,No Special Jurisdiction,1,Rollover/Overturn,0,The First Harmful Event was Not a Collision with a Motor Vehicle in Transport,0,No,1,Non-Junction,1,Not an Intersection,0,None,,,4,On Roadside,9,Reported as Unknown,,,,,1,Clear,0,No,0000000,Not Applicable,16,4:00pm-4:59pm,38,38,16,4:00pm-4:59pm,49,49,17,5:00pm-5:59pm,11,11,,,,,,,1,0
2020,31,310052,Nebraska,1,1,0,0,0,4,4,111,LINCOLN (111),0,NOT APPLICABLE,2,2,5,May,2020,7,Saturday,15,3:00pm-3:59pm,51,51,1,This section IS ON the NHS,1,Rural,3,Principal Arterial - Other,1,State Highway Agency,3,State Highway,SR-83,,99998,Not Reported,41.22485278,41.22485278,-100.701558330,-100.701558330,0,No Special Jurisdiction,1,Rollover/Overturn,0,The First Harmful Event was Not a Collision with a Motor Vehicle in Transport,0,No,1,Non-Junction,1,Not an Intersection,0,None,,,4,On Roadside,1,Daylight,,,,,1,Clear,0,No,0000000,Not Applicable,15,3:00pm-3:59pm,53,53,16,4:00pm-4:59pm,1,1,16,4:00pm-4:59pm,36,36,,,,,,,1,0
2020,31,310053,Nebraska,2,2,0,0,0,2,2,55,DOUGLAS (55),3620,OMAHA,13,13,5,May,2020,4,Wednesday,12,12:00pm-12:59pm,34,34,0,This section IS NOT on the NHS,2,Urban,5,Major Collector,4,City or Municipal Highway Agency,6,Local Street - Municipality,S 132ND ST,HARRISON ST,0,None,41.19055278,41.19055278,-96.119608330,-96.119608330,0,No Special Jurisdiction,12,Motor Vehicle In-Transport,6,Angle,0,No,2,Intersection,2,Four-Way Intersection,0,None,,,1,On Roadway,1,Daylight,,,,,2,Rain,0,No,0000000,Not Applicable,12,12:00pm-12:59pm,34,34,12,12:00pm-12:59pm,38,38,12,12:00pm-12:59pm,55,55,,,,,,,1,0
2020,31,310054,Nebraska,2,2,0,0,0,4,4,73,GOSPER (73),0,NOT APPLICABLE,6,6,5,May,2020,4,Wednesday,16,4:00pm-4:59pm,30,30,0,This section IS NOT on the NHS,1,Rural,7,Local,2,County Highway Agency,4,County Road,CR-DRIVE 415,,0,None,40.36233056,40.36233056,-100.066669440,-100.066669440,0,No Special Jurisdiction,12,Motor Vehicle In-Transport,6,Angle,0,No,8,Driveway Access Related,1,Not an Intersection,0,None,,,1,On Roadway,1,Daylight,,,,,1,Clear,0,No,0000000,Not Applicable,16,4:00pm-4:59pm,30,30,16,4:00pm-4:59pm,49,49,17,5:00pm-5:59pm,9,9,,,,,,,1,0
2020,31,310055,Nebraska,2,2,0,0,0,2,2,157,SCOTTS BLUFF (157),0,NOT APPLICABLE,9,9,5,May,2020,7,Saturday,8,8:00am-8:59am,50,50,0,This section IS NOT on the NHS,1,Rural,5,Major Collector,2,County Highway Agency,4,County Road,CR-HIGHLAND ROAD,,0,None,41.85970833,41.85970833,-103.555330560,-103.555330560,0,No Special Jurisdiction,12,Motor Vehicle In-Transport,2,Front-to-Front,0,No,1,Non-Junction,1,Not an Intersection,0,None,,,1,On Roadway,1,Daylight,,,,,10,Cloudy,0,No,0000000,Not Applicable,8,8:00am-8:59am,57,57,9,9:00am-9:59am,4,4,9,9:00am-9:59am,46,46,,,,,,,2,0
2020,31,310056,Nebraska,2,2,0,0,0,2,2,133,PAWNEE (133),0,NOT APPLICABLE,12,12,5,May,2020,3,Tuesday,99,Unknown Hours,99,Unknown Minutes,0,This section IS NOT on the NHS,1,Rural,4,Minor Arterial,1,State Highway Agency,3,State Highway,SR-8,CR-609 AVENUE,956,956,40.04448611,40.04448611,-96.407391670,-96.407391670,0,No Special Jurisdiction,12,Motor Vehicle In-Transport,6,Angle,0,No,2,Intersection,2,Four-Way Intersection,0,None,,,1,On Roadway,1,Daylight,,,,,10,Cloudy,0,No,0000000,Not Applicable,14,2:00pm-2:59pm,36,36,14,2:00pm-2:59pm,58,58,88,"Not Applicable (Not Transported) ",88,Not Applicable (Not Transported),,,,,,,1,0
2020,31,310057,Nebraska,1,1,0,0,0,1,1,55,DOUGLAS (55),3620,OMAHA,18,18,5,May,2020,2,Monday,15,3:00pm-3:59pm,59,59,1,This section IS ON the NHS,2,Urban,2,Principal Arterial - Other Freeways and Expressways,1,State Highway Agency,2,U.S. Highway,US-6,,3586,3586,41.26309722,41.26309722,-96.196177780,-96.196177780,0,No Special Jurisdiction,30,Utility Pole/Light Support,0,The First Harmful Event was Not a Collision with a Motor Vehicle in Transport,0,No,1,Non-Junction,1,Not an Intersection,0,None,,,4,On Roadside,1,Daylight,,,,,10,Cloudy,0,No,0000000,Not Applicable,99,Unknown,98,Unknown if Notified,99,Unknown EMS Scene Arrival Hour,98,Unknown if Arrived,88,"Not Applicable (Not Transported) ",88,Not Applicable (Not Transported),,,,,,,1,0
2020,31,310058,Nebraska,2,1,1,0,0,1,1,55,DOUGLAS (55),3620,OMAHA,21,21,5,May,2020,5,Thursday,14,2:00pm-2:59pm,4,4,0,This section IS NOT on the NHS,2,Urban,7,Local,4,City or Municipal Highway Agency,6,Local Street - Municipality,845 N 177TH CIR,,0,None,41.26706667,41.26706667,-96.190838890,-96.190838890,0,No Special Jurisdiction,14,Parked Motor Vehicle,0,The First Harmful Event was Not a Collision with a Motor Vehicle in Transport,0,No,1,Non-Junction,1,Not an Intersection,0,None,,,7,In Parking Lane/Zone,1,Daylight,,,,,1,Clear,0,No,0000000,Not Applicable,14,2:00pm-2:59pm,6,6,14,2:00pm-2:59pm,13,13,14,2:00pm-2:59pm,26,26,,,,,,,1,0
2020,31,310059,Nebraska,1,1,0,0,0,1,1,153,SARPY (153),460,BELLEVUE,23,23,5,May,2020,7,Saturday,12,12:00pm-12:59pm,17,17,1,This section IS ON the NHS,2,Urban,3,Principal Arterial - Other,4,City or Municipal Highway Agency,6,Local Street - Municipality,13TH ST,,0,None,41.18991944,41.18991944,-95.933441670,-95.933441670,0,No Special Jurisdiction,39,Wall,0,The First Harmful Event was Not a Collision with a Motor Vehicle in Transport,0,No,1,Non-Junction,1,Not an Intersection,0,None,,,4,On Roadside,1,Daylight,,,,,1,Clear,0,No,0000000,Not Applicable,99,Unknown,98,Unknown if Notified,99,Unknown EMS Scene Arrival Hour,98,Unknown if Arrived,88,"Not Applicable (Not Transported) ",88,Not Applicable (Not Transported),,,,,,,1,1
2020,31,310060,Nebraska,1,1,0,1,1,1,1,55,DOUGLAS (55),3620,OMAHA,27,27,5,May,2020,4,Wednesday,4,4:00am-4:59am,20,20,0,This section IS NOT on the NHS,2,Urban,7,Local,4,City or Municipal Highway Agency,6,Local Street - Municipality,N 42ND ST,,0,None,41.31311389,41.31311389,-95.975777780,-95.975777780,0,No Special Jurisdiction,8,Pedestrian,0,The First Harmful Event was Not a Collision with a Motor Vehicle in Transport,0,No,1,Non-Junction,1,Not an Intersection,0,None,,,1,On Roadway,3,Dark - Lighted,,,,,2,Rain,0,No,0000000,Not Applicable,4,4:00am-4:59am,20,20,4,4:00am-4:59am,24,24,4,4:00am-4:59am,45,45,,,,,,,1,0
2020,31,310061,Nebraska,1,1,0,2,2,1,1,151,SALINE (151),1910,FRIEND,28,28,5,May,2020,5,Thursday,8,8:00am-8:59am,53,53,0,This section IS NOT on the NHS,1,Rural,5,Major Collector,4,City or Municipal Highway Agency,6,Local Street - Municipality,PAGE STREET,,0,None,40.65162500,40.65162500,-97.273591670,-97.273591670,0,No Special Jurisdiction,15,Non-Motorist on Personal Conveyance,0,The First Harmful Event was Not a Collision with a Motor Vehicle in Transport,0,No,1,Non-Junction,1,Not an Intersection,0,None,,,1,On Roadway,1,Daylight,,,,,1,Clear,0,No,0000000,Not Applicable,99,Unknown,99,Unknown,99,Unknown EMS Scene Arrival Hour,99,Unknown EMS Scene Arrival Minutes,99,Unknown,99,Unknown EMS Hospital Arrival Time,,,,,,,2,0