caseyear,state,st_case,statename,ve_total,ve_forms,pvh_invl,peds,pernotmvit,permvit,persons,county,countyname,city,cityname,day,dayname,month,monthname,year,day_week,day_weekname,hour,hourname,minute,minutename,nhs,nhsname,rur_urb,rur_urbname,func_sys,func_sysname,rd_owner,rd_ownername,route,routename,tway_id,tway_id2,milept,mileptname,latitude,latitudename,longitud,longitudname,sp_jur,sp_jurname,harm_ev,harm_evname,man_coll,man_collname,reljct1,reljct1name,reljct2,reljct2name,typ_int,typ_intname,wrk_zone,wrk_zonename,road_fnc,road_fncname,rel_road,rel_roadname,lgt_cond,lgt_condname,weather1,weather1name,weather2,weather2name,weather,weathername,sch_bus,sch_busname,rail,railname,not_hour,not_hourname,not_min,not_minname,arr_hour,arr_hourname,arr_min,arr_minname,hosp_hr,hosp_hrname,hosp_mn,hosp_mnname,cf1,cf1name,cf2,cf2name,cf3,cf3name,fatals,drunk_dr
2020,31,310098,Nebraska,1,1,0,0,0,1,1,137,PHELPS (137),0,NOT APPLICABLE,29,29,7,July,2020,4,Wednesday,99,Unknown Hours,99,Unknown Minutes,0,This section IS NOT on the NHS,2,Urban,7,Local,2,County Highway Agency,4,County Road,CR-733 ROAD,,0,None,40.45229444,40.45229444,-99.394908330,-99.394908330,0,No Special Jurisdiction,34,Ditch,0,The First Harmful Event was Not a Collision with a Motor Vehicle in Transport,0,No,1,Non-Junction,1,Not an Intersection,0,None,,,4,On Roadside,2,Dark - Not Lighted,,,,,2,Rain,0,No,0000000,Not Applicable,99,Unknown,98,Unknown if Notified,99,Unknown EMS Scene Arrival Hour,98,Unknown if Arrived,88,"Not Applicable (Not Transported) ",88,Not Applicable (Not Transported),,,,,,,1,1
2020,31,310099,Nebraska,1,1,0,1,1,1,1,43,DAKOTA (43),0,NOT APPLICABLE,29,29,7,July,2020,4,Wednesday,2,2:00am-2:59am,38,38,1,This section IS ON the NHS,1,Rural,3,Principal Arterial - Other,1,State Highway Agency,2,U.S. Highway,US-77,,1729,1729,42.28862778,42.28862778,-96.486388890,-96.486388890,0,No Special Jurisdiction,8,Pedestrian,0,The First Harmful Event was Not a Collision with a Motor Vehicle in Transport,0,No,1,Non-Junction,1,Not an Intersection,0,None,,,1,On Roadway,2,Dark - Not Lighted,,,,,1,Clear,0,No,0000000,Not Applicable,2,2:00am-2:59am,40,40,3,3:00am-3:59am,1,1,99,Unknown,99,Unknown EMS Hospital Arrival Time,,,,,,,1,0
2020,31,310100,Nebraska,1,1,0,0,0,2,2,45,DAWES (45),0,NOT APPLICABLE,27,27,7,July,2020,2,Monday,19,7:00pm-7:59pm,10,10,0,This section IS NOT on the NHS,1,Rural,5,Major Collector,2,County Highway Agency,4,County Road,CR-SLIM BUTTES,,0,None,42.92703611,42.92703611,-102.901711110,-102.901711110,0,No Special Jurisdiction,34,Ditch,0,The First Harmful Event was Not a Collision with a Motor Vehicle in Transport,0,No,1,Non-Junction,1,Not an Intersection,0,None,,,4,On Roadside,1,Daylight,,,,,1,Clear,0,No,0000000,Not Applicable,19,7:00pm-7:59pm,10,10,19,7:00pm-7:59pm,36,36,99,Unknown,99,Unknown EMS Hospital Arrival Time,,,,,,,1,1
2020,31,310101,Nebraska,2,2,0,0,0,5,5,169,THAYER (169),0,NOT APPLICABLE,24,24,7,July,2020,6,Friday,18,6:00pm-6:59pm,19,19,1,This section IS ON the NHS,1,Rural,3,Principal Arterial - Other,1,State Highway Agency,2,U.S. Highway,US-81,CR-DOVE RD,131,131,40.17625000,40.17625000,-97.574188890,-97.574188890,0,No Special Jurisdiction,12,Motor Vehicle In-Transport,6,Angle,0,No,2,Intersection,2,Four-Way Intersection,0,None,,,1,On Roadway,1,Daylight,,,,,1,Clear,0,No,0000000,Not Applicable,18,6:00pm-6:59pm,21,21,18,6:00pm-6:59pm,33,33,18,6:00pm-6:59pm,45,45,,,,,,,2,0
2020,31,310102,Nebraska,2,2,0,0,0,2,2,111,LINCOLN (111),0,NOT APPLICABLE,24,24,7,July,2020,6,Friday,21,9:00pm-9:59pm,43,43,0,This section IS NOT on the NHS,1,Rural,4,Minor Arterial,1,State Highway Agency,2,U.S. Highway,US-30,CR-GAME TRAIL RD,1665,1665,41.16275000,41.16275000,-100.945088890,-100.945088890,0,No Special Jurisdiction,12,Motor Vehicle In-Transport,6,Angle,0,No,2,Intersection,4,Y-Intersection,0,None,,,1,On Roadway,2,Dark - Not Lighted,,,,,2,Rain,0,No,0000000,Not Applicable,21,9:00pm-9:59pm,45,45,22,10:00pm-10:59pm,2,2,22,10:00pm-10:59pm,23,23,,,,,,,1,0
2020,31,310103,Nebraska,1,1,0,0,0,1,1,185,YORK (185),0,NOT APPLICABLE,17,17,7,July,2020,6,Friday,18,6:00pm-6:59pm,23,23,0,This section IS NOT on the NHS,1,Rural,6,Minor Collector,2,County Highway Agency,4,County Road,CR-ROAD 10,,0,None,40.82865556,40.82865556,-97.519225000,-97.519225000,0,No Special Jurisdiction,42,Tree (Standing Only),0,The First Harmful Event was Not a Collision with a Motor Vehicle in Transport,0,No,1,Non-Junction,1,Not an Intersection,0,None,,,4,On Roadside,1,Daylight,,,,,1,Clear,0,No,0000000,Not Applicable,18,6:00pm-6:59pm,24,24,18,6:00pm-6:59pm,32,32,18,6:00pm-6:59pm,52,52,,,,,,,1,1
2020,31,310104,Nebraska,1,1,0,0,0,1,1,97,JOHNSON (97),0,NOT APPLICABLE,18,18,7,July,2020,7,Saturday,19,7:00pm-7:59pm,27,27,0,This section IS NOT on the NHS,1,Rural,4,Minor Arterial,1,State Highway Agency,3,State Highway,SR-41,,891,891,40.46496389,40.46496389,-96.432872220,-96.432872220,0,No Special Jurisdiction,34,Ditch,0,The First Harmful Event was Not a Collision with a Motor Vehicle in Transport,0,No,1,Non-Junction,1,Not an Intersection,0,None,,,4,On Roadside,1,Daylight,,,,,1,Clear,0,No,0000000,Not Applicable,88,Not Applicable (Not Notified),88,Not Applicable (Not Notified),88,Not Applicable,88,Not Applicable,88,"Not Applicable (Not Transported) ",88,Not Applicable (Not Transported),,,,,,,1,1
2020,31,310105,Nebraska,1,1,0,0,0,1,1,33,CHEYENNE (33),0,NOT APPLICABLE,25,25,7,July,2020,7,Saturday,99,Unknown Hours,99,Unknown Minutes,0,This section IS NOT on the NHS,1,Rural,4,Minor Arterial,1,State Highway Agency,2,U.S. Highway,US-30,,373,373,41.21794167,41.21794167,-103.356730560,-103.356730560,0,No Special Jurisdiction,1,Rollover/Overturn,0,The First Harmful Event was Not a Collision with a Motor Vehicle in Transport,0,No,1,Non-Junction,1,Not an Intersection,0,None,,,4,On Roadside,3,Dark - Lighted,,,,,1,Clear,0,No,0000000,Not Applicable,6,6:00am-6:59am,5,5,6,6:00am-6:59am,23,23,88,"Not Applicable (Not Transported) ",88,Not Applicable (Not Transported),,,,,,,1,1
2020,31,310106,Nebraska,2,2,0,0,0,3,3,55,DOUGLAS (55),3620,OMAHA,19,19,7,July,2020,1,Sunday,22,10:00pm-10:59pm,11,11,0,This section IS NOT on the NHS,2,Urban,5,Major Collector,27,Railroad,6,Local Street - Municipality,CURTIS AVE,N 42ND ST,0,None,41.31571667,41.31571667,-95.975777780,-95.975777780,0,No Special Jurisdiction,12,Motor Vehicle In-Transport,6,Angle,0,No,2,Intersection,2,Four-Way Intersection,0,None,,,1,On Roadway,3,Dark - Lighted,,,,,10,Cloudy,0,No,0000000,Not Applicable,22,10:00pm-10:59pm,12,12,22,10:00pm-10:59pm,18,18,22,10:00pm-10:59pm,37,37,,,,,,,1,0
2020,31,310107,Nebraska,2,2,0,0,0,4,4,173,THURSTON (173),0,NOT APPLICABLE,26,26,7,July,2020,1,Sunday,19,7:00pm-7:59pm,52,52,0,This section IS NOT on the NHS,1,Rural,7,Local,2,County Highway Agency,4,County Road,CR-Q AVENUE,,0,None,42.04652778,42.04652778,-96.512441670,-96.512441670,3,Indian Reservation,12,Motor Vehicle In-Transport,2,Front-to-Front,0,No,1,Non-Junction,1,Not an Intersection,0,None,,,1,On Roadway,5,Dusk,,,,,1,Clear,0,No,0000000,Not Applicable,20,8:00pm-8:59pm,6,6,20,8:00pm-8:59pm,27,27,20,8:00pm-8:59pm,45,45,,,,,,,1,0
2020,31,310108,Nebraska,1,1,0,0,0,1,1,155,SAUNDERS (155),0,NOT APPLICABLE,26,26,7,July,2020,1,Sunday,13,1:00pm-1:59pm,1,1,0,This section IS NOT on the NHS,1,Rural,7,Local,2,County Highway Agency,4,County Road,CR-7CR,,0,None,41.23328611,41.23328611,-96.425669440,-96.425669440,0,No Special Jurisdiction,1,Rollover/Overturn,0,The First Harmful Event was Not a Collision with a Motor Vehicle in Transport,0,No,1,Non-Junction,1,Not an Intersection,0,None,,,4,On Roadside,1,Daylight,,,,,1,Clear,0,No,0000000,Not Applicable,13,1:00pm-1:59pm,3,3,13,1:00pm-1:59pm,9,9,88,"Not Applicable (Not Transported) ",88,Not Applicable (Not Transported),,,,,,,1,0
2020,31,310109,Nebraska,2,2,0,0,0,4,4,25,CASS (25),0,NOT APPLICABLE,27,27,7,July,2020,2,Monday,13,1:00pm-1:59pm,13,13,0,This section IS NOT on the NHS,1,Rural,4,Minor Arterial,1,State Highway Agency,3,State Highway,SR-63,CR-CHURCH RD,100,100,40.95735833,40.95735833,-96.388377780,-96.388377780,0,No Special Jurisdiction,12,Motor Vehicle In-Transport,6,Angle,0,No,2,Intersection,2,Four-Way Intersection,0,None,,,1,On Roadway,1,Daylight,,,,,1,Clear,0,No,0000000,Not Applicable,13,1:00pm-1:59pm,22,22,13,1:00pm-1:59pm,41,41,14,2:00pm-2:59pm,30,30,,,,,,,1,0
2020,31,310110,Nebraska,2,2,0,1,1,3,3,55,DOUGLAS (55),3620,OMAHA,27,27,7,July,2020,2,Monday,12,12:00pm-12:59pm,51,51,1,This section IS ON the NHS,2,Urban,3,Principal Arterial - Other,4,City or Municipal Highway Agency,6,Local Street - Municipality,LEAVENWORTH ST,S 29TH ST,0,None,41.25241944,41.25241944,-95.954475000,-95.954475000,0,No Special Jurisdiction,12,Motor Vehicle In-Transport,6,Angle,0,No,2,Intersection,2,Four-Way Intersection,0,None,,,1,On Roadway,1,Daylight,,,,,10,Cloudy,0,No,0000000,Not Applicable,12,12:00pm-12:59pm,51,51,12,12:00pm-12:59pm,58,58,88,"Not Applicable (Not Transported) ",88,Not Applicable (Not Transported),,,,,,,1,0
2020,31,310111,Nebraska,1,1,0,1,1,1,1,55,DOUGLAS (55),3620,OMAHA,30,30,7,July,2020,5,Thursday,13,1:00pm-1:59pm,30,30,1,This section IS ON the NHS,2,Urban,2,Principal Arterial - Other Freeways and Expressways,1,State Highway Agency,2,U.S. Highway,US-75,,859,859,41.19106111,41.19106111,-95.939788890,-95.939788890,0,No Special Jurisdiction,8,Pedestrian,0,The First Harmful Event was Not a Collision with a Motor Vehicle in Transport,0,No,1,Non-Junction,1,Not an Intersection,0,None,,,1,On Roadway,1,Daylight,,,,,10,Cloudy,0,No,0000000,Not Applicable,13,1:00pm-1:59pm,31,31,13,1:00pm-1:59pm,35,35,88,"Not Applicable (Not Transported) ",88,Not Applicable (Not Transported),,,,,,,1,0
2020,31,310112,Nebraska,1,1,0,1,1,1,1,55,DOUGLAS (55),3620,OMAHA,2,2,8,August,2020,1,Sunday,14,2:00pm-2:59pm,9,9,0,This section IS NOT on the NHS,2,Urban,7,Local,4,City or Municipal Highway Agency,6,Local Street - Municipality,EVANS ST,,0,None,41.29152778,41.29152778,-95.951688890,-95.951688890,0,No Special Jurisdiction,8,Pedestrian,0,The First Harmful Event was Not a Collision with a Motor Vehicle in Transport,0,No,1,Non-Junction,1,Not an Intersection,0,None,,,1,On Roadway,1,Daylight,,,,,1,Clear,0,No,0000000,Not Applicable,14,2:00pm-2:59pm,6,6,14,2:00pm-2:59pm,13,13,14,2:00pm-2:59pm,23,23,,,,,,,1,0
2020,31,310113,Nebraska,2,2,0,0,0,3,3,87,HITCHCOCK (87),0,NOT APPLICABLE,4,4,8,August,2020,3,Tuesday,16,4:00pm-4:59pm,45,45,0,This section IS NOT on the NHS,1,Rural,3,Principal Arterial - Other,1,State Highway Agency,2,U.S. Highway,US-6,,695,695,40.24232222,40.24232222,-100.901863890,-100.901863890,0,No Special Jurisdiction,12,Motor Vehicle In-Transport,2,Front-to-Front,0,No,1,Non-Junction,1,Not an Intersection,0,None,,,1,On Roadway,1,Daylight,,,,,1,Clear,0,No,0000000,Not Applicable,16,4:00pm-4:59pm,51,51,17,5:00pm-5:59pm,0,0,17,5:00pm-5:59pm,40,40,,,,,,,1,0
2020,31,310114,Nebraska,2,2,0,0,0,2,2,141,PLATTE (141),0,NOT APPLICABLE,6,6,8,August,2020,5,Thursday,17,5:00pm-5:59pm,2,2,0,This section IS NOT on the NHS,1,Rural,4,Minor Arterial,1,State Highway Agency,3,State Highway,SR-91,,1370,1370,41.69937500,41.69937500,-97.791511110,-97.791511110,0,No Special Jurisdiction,12,Motor Vehicle In-Transport,2,Front-to-Front,0,No,1,Non-Junction,1,Not an Intersection,0,None,,,1,On Roadway,1,Daylight,,,,,1,Clear,0,No,0000000,Not Applicable,17,5:00pm-5:59pm,3,3,17,5:00pm-5:59pm,5,5,88,"Not Applicable (Not Transported) ",88,Not Applicable (Not Transported),,,,,,,1,0
2020,31,310115,Nebraska,1,1,0,0,0,1,1,33,CHEYENNE (33),0,NOT APPLICABLE,12,12,1,January,2020,1,Sunday,99,Unknown Hours,99,Unknown Minutes,0,This section IS NOT on the NHS,1,Rural,5,Major Collector,2,County Highway Agency,4,County Road,CR-ROAD 113,,0,None,41.11152500,41.11152500,-102.974313890,-102.974313890,0,No Special Jurisdiction,58,Ground,0,The First Harmful Event was Not a Collision with a Motor Vehicle in Transport,0,No,1,Non-Junction,1,Not an Intersection,0,None,,,4,On Roadside,3,Dark - Lighted,,,,,99,Reported as Unknown,0,No,0000000,Not Applicable,99,Unknown,99,Unknown,99,Unknown EMS Scene Arrival Hour,99,Unknown EMS Scene Arrival Minutes,88,"Not Applicable (Not Transported) ",88,Not Applicable (Not Transported),,,,,,,1,1
2020,31,310116,Nebraska,1,1,0,0,0,2,2,47,DAWSON (47),0,NOT APPLICABLE,26,26,1,January,2020,1,Sunday,11,11:00am-11:59am,37,37,1,This section IS ON the NHS,1,Rural,1,Interstate,1,State Highway Agency,1,Interstate,I-80,,2390,2390,40.72118889,40.72118889,-99.692788890,-99.692788890,0,No Special Jurisdiction,1,Rollover/Overturn,0,The First Harmful Event was Not a Collision with a Motor Vehicle in Transport,0,No,1,Non-Junction,1,Not an Intersection,0,None,,,1,On Roadway,1,Daylight,,,,,1,Clear,0,No,0000000,Not Applicable,11,11:00am-11:59am,47,47,11,11:00am-11:59am,59,59,12,12:00pm-12:59pm,13,13,,,,,,,1,1
2020,31,310117,Nebraska,1,1,0,0,0,3,3,1,ADAMS (1),2280,HASTINGS,6,6,8,August,2020,5,Thursday,1,1:00am-1:59am,39,39,0,This section IS NOT on the NHS,2,Urban,7,Local,4,City or Municipal Highway Agency,6,Local Street - Municipality,N CEDAR AVE,FOREST BLVD,0,None,40.59483056,40.59483056,-98.376238890,-98.376238890,0,No Special Jurisdiction,33,Curb,0,The First Harmful Event was Not a Collision with a Motor Vehicle in Transport,0,No,3,Intersection-Related,3,T-Intersection,0,None,,,4,On Roadside,3,Dark - Lighted,,,,,2,Rain,0,No,0000000,Not Applicable,1,1:00am-1:59am,39,39,1,1:00am-1:59am,46,46,2,2:00am-2:59am,4,4,,,,,,,1,1
2020,31,310118,Nebraska,1,1,0,0,0,1,1,151,SALINE (151),0,NOT APPLICABLE,8,8,8,August,2020,7,Saturday,22,10:00pm-10:59pm,30,30,0,This section IS NOT on the NHS,1,Rural,7,Local,2,County Highway Agency,4,County Road,CR-COUNTY ROAD N,,0,None,40.50917778,40.50917778,-96.978200000,-96.978200000,0,No Special Jurisdiction,34,Ditch,0,The First Harmful Event was Not a Collision with a Motor Vehicle in Transport,0,No,1,Non-Junction,1,Not an Intersection,0,None,,,4,On Roadside,2,Dark - Not Lighted,,,,,1,Clear,0,No,0000000,Not Applicable,99,Unknown,99,Unknown,99,Unknown EMS Scene Arrival Hour,99,Unknown EMS Scene Arrival Minutes,88,"Not Applicable (Not Transported) ",88,Not Applicable (Not Transported),,,,,,,1,1
2020,31,310119,Nebraska,1,1,0,0,0,1,1,105,KIMBALL (105),0,NOT APPLICABLE,10,10,8,August,2020,2,Monday,3,3:00am-3:59am,0,0,1,This section IS ON the NHS,1,Rural,3,Principal Arterial - Other,1,State Highway Agency,3,State Highway,SR-71,,140,140,41.19988056,41.19988056,-103.663447220,-103.663447220,0,No Special Jurisdiction,31,"Post, Pole or Other Supports",0,The First Harmful Event was Not a Collision with a Motor Vehicle in Transport,0,No,1,Non-Junction,1,Not an Intersection,0,None,,,4,On Roadside,2,Dark - Not Lighted,,,,,1,Clear,0,No,0000000,Not Applicable,88,Not Applicable (Not Notified),88,Not Applicable (Not Notified),88,Not Applicable,88,Not Applicable,88,"Not Applicable (Not Transported) ",88,Not Applicable (Not Transported),,,,,,,1,1
2020,31,310120,Nebraska,1,1,0,0,0,2,2,109,LANCASTER (109),2830,LINCOLN,16,16,8,August,2020,1,Sunday,7,7:00am-7:59am,43,43,1,This section IS ON the NHS,2,Urban,1,Interstate,1,State Highway Agency,1,Interstate,I-80,,4029,4029,40.88838333,40.88838333,-96.682919440,-96.682919440,0,No Special Jurisdiction,32,Culvert,0,The First Harmful Event was Not a Collision with a Motor Vehicle in Transport,1,Yes,5,Entrance/Exit Ramp Related,1,Not an Intersection,0,None,,,4,On Roadside,1,Daylight,,,,,1,Clear,0,No,0000000,Not Applicable,7,7:00am-7:59am,44,44,7,7:00am-7:59am,52,52,88,"Not Applicable (Not Transported) ",88,Not Applicable (Not Transported),,,,,,,1,1
2020,31,310121,Nebraska,2,2,0,0,0,2,2,77,GREELEY (77),0,NOT APPLICABLE,30,30,1,January,2020,5,Thursday,13,1:00pm-1:59pm,0,0,1,This section IS ON the NHS,1,Rural,3,Principal Arterial - Other,1,State Highway Agency,2,U.S. Highway,US-281,CR-809TH RD,1175,1175,41.55287500,41.55287500,-98.540108330,-98.540108330,0,No Special Jurisdiction,12,Motor Vehicle In-Transport,6,Angle,0,No,2,Intersection,2,Four-Way Intersection,0,None,,,1,On Roadway,1,Daylight,,,,,1,Clear,0,No,0000000,Not Applicable,13,1:00pm-1:59pm,22,22,13,1:00pm-1:59pm,30,30,14,2:00pm-2:59pm,4,4,,,,,,,1,0
2020,31,310122,Nebraska,1,1,0,0,0,2,2,153,SARPY (153),0,NOT APPLICABLE,12,12,8,August,2020,4,Wednesday,2,2:00am-2:59am,12,12,0,This section IS NOT on the NHS,1,Rural,6,Minor Collector,2,County Highway Agency,4,County Road,CR-180TH STREET,,0,None,41.06206944,41.06206944,-96.196005560,-96.196005560,0,No Special Jurisdiction,23,Bridge Rail (Includes parapet),0,The First Harmful Event was Not a Collision with a Motor Vehicle in Transport,0,No,1,Non-Junction,1,Not an Intersection,0,None,,,4,On Roadside,2,Dark - Not Lighted,,,,,1,Clear,0,No,0000000,Not Applicable,2,2:00am-2:59am,12,12,2,2:00am-2:59am,26,26,3,3:00am-3:59am,5,5,,,,,,,1,1
2020,31,310123,Nebraska,1,1,0,0,0,1,1,25,CASS (25),0,NOT APPLICABLE,15,15,8,August,2020,7,Saturday,18,6:00pm-6:59pm,27,27,1,This section IS ON the NHS,1,Rural,3,Principal Arterial - Other,1,State Highway Agency,2,U.S. Highway,US-34,,3552,3552,40.81309722,40.81309722,-96.114669440,-96.114669440,0,No Special Jurisdiction,1,Rollover/Overturn,0,The First Harmful Event was Not a Collision with a Motor Vehicle in Transport,0,No,1,Non-Junction,1,Not an Intersection,0,None,,,4,On Roadside,1,Daylight,,,,,1,Clear,0,No,0000000,Not Applicable,88,Not Applicable (Not Notified),88,Not Applicable (Not Notified),88,Not Applicable,88,Not Applicable,88,"Not Applicable (Not Transported) ",88,Not Applicable (Not Transported),,,,,,,1,1
2020,31,310124,Nebraska,1,1,0,0,0,2,2,107,KNOX (107),0,NOT APPLICABLE,16,16,8,August,2020,1,Sunday,12,12:00pm-12:59pm,20,20,0,This section IS NOT on the NHS,1,Rural,4,Minor Arterial,1,State Highway Agency,3,State Highway,SR-12,,1665,1665,42.75351389,42.75351389,-97.939397220,-97.939397220,0,No Special Jurisdiction,35,Embankment,0,The First Harmful Event was Not a Collision with a Motor Vehicle in Transport,0,No,1,Non-Junction,1,Not an Intersection,0,None,,,4,On Roadside,1,Daylight,,,,,1,Clear,0,No,0000000,Not Applicable,12,12:00pm-12:59pm,38,38,12,12:00pm-12:59pm,50,50,13,1:00pm-1:59pm,35,35,,,,,,,1,1
2020,31,310125,Nebraska,1,1,0,0,0,1,1,125,NANCE (125),0,NOT APPLICABLE,20,20,8,August,2020,5,Thursday,5,5:00am-5:59am,30,30,0,This section IS NOT on the NHS,1,Rural,4,Minor Arterial,1,State Highway Agency,3,State Highway,SR-22,,436,436,41.39408333,41.39408333,-98.227191670,-98.227191670,0,No Special Jurisdiction,34,Ditch,0,The First Harmful Event was Not a Collision with a Motor Vehicle in Transport,0,No,1,Non-Junction,1,Not an Intersection,0,None,,,4,On Roadside,2,Dark - Not Lighted,,,,,1,Clear,0,No,0000000,Not Applicable,88,Not Applicable (Not Notified),88,Not Applicable (Not Notified),88,Not Applicable,88,Not Applicable,88,"Not Applicable (Not Transported) ",88,Not Applicable (Not Transported),,,,,,,1,1
2020,31,310126,Nebraska,1,1,0,0,0,1,1,181,WEBSTER (181),0,NOT APPLICABLE,27,27,8,August,2020,5,Thursday,99,Unknown Hours,99,Unknown Minutes,0,This section IS NOT on the NHS,1,Rural,4,Minor Arterial,1,State Highway Agency,2,U.S. Highway,US-281,,5,5,40.00240833,40.00240833,-98.523261110,-98.523261110,0,No Special Jurisdiction,35,Embankment,0,The First Harmful Event was Not a Collision with a Motor Vehicle in Transport,0,No,1,Non-Junction,1,Not an Intersection,0,None,,,4,On Roadside,1,Daylight,,,,,1,Clear,0,No,0000000,Not Applicable,99,Unknown,99,Unknown,99,Unknown EMS Scene Arrival Hour,99,Unknown EMS Scene Arrival Minutes,88,"Not Applicable (Not Transported) ",88,Not Applicable (Not Transported),,,,,,,1,0
2020,31,310127,Nebraska,1,1,0,1,1,1,1,55,DOUGLAS (55),3620,OMAHA,27,27,8,August,2020,5,Thursday,4,4:00am-4:59am,8,8,1,This section IS ON the NHS,1,Rural,1,Interstate,1,State Highway Agency,1,Interstate,I-80,,4503,4503,41.22383889,41.22383889,-96.004961110,-96.004961110,0,No Special Jurisdiction,8,Pedestrian,0,The First Harmful Event was Not a Collision with a Motor Vehicle in Transport,0,No,1,Non-Junction,1,Not an Intersection,0,None,,,1,On Roadway,3,Dark - Lighted,,,,,1,Clear,0,No,0000000,Not Applicable,4,4:00am-4:59am,16,16,4,4:00am-4:59am,20,20,88,"Not Applicable (Not Transported) ",88,Not Applicable (Not Transported),,,,,,,1,0
2020,31,310128,Nebraska,3,3,0,0,0,3,3,185,YORK (185),5360,YORK,21,21,1,January,2020,3,Tuesday,17,5:00pm-5:59pm,27,27,1,This section IS ON the NHS,2,Urban,3,Principal Arterial - Other,1,State Highway Agency,2,U.S. Highway,US-81,FRONTAGE RD,585,585,40.83991389,40.83991389,-97.598050000,-97.598050000,0,No Special Jurisdiction,12,Motor Vehicle In-Transport,6,Angle,0,No,2,Intersection,2,Four-Way Intersection,0,None,,,1,On Roadway,5,Dusk,,,,,1,Clear,0,No,0000000,Not Applicable,17,5:00pm-5:59pm,27,27,17,5:00pm-5:59pm,39,39,17,5:00pm-5:59pm,58,58,,,,,,,1,0
2020,31,310129,Nebraska,2,2,0,0,0,2,2,177,WASHINGTON (177),0,NOT APPLICABLE,12,12,8,August,2020,4,Wednesday,10,10:00am-10:59am,10,10,0,This section IS NOT on the NHS,1,Rural,4,Minor Arterial,1,State Highway Agency,2,U.S. Highway,US-75,,1228,1228,41.63585278,41.63585278,-96.193816670,-96.193816670,0,No Special Jurisdiction,12,Motor Vehicle In-Transport,6,Angle,0,No,1,Non-Junction,1,Not an Intersection,0,None,,,1,On Roadway,1,Daylight,,,,,1,Clear,0,No,0000000,Not Applicable,99,Unknown,99,Unknown,99,Unknown EMS Scene Arrival Hour,99,Unknown EMS Scene Arrival Minutes,88,"Not Applicable (Not Transported) ",88,Not Applicable (Not Transported),,,,,,,1,0
2020,31,310130,Nebraska,1,1,0,0,0,1,1,55,DOUGLAS (55),3620,OMAHA,13,13,6,June,2020,7,Saturday,2,2:00am-2:59am,46,46,0,This section IS NOT on the NHS,2,Urban,5,Major Collector,4,City or Municipal Highway Agency,6,Local Street - Municipality,VINTON ST,S 38TH ST,0,None,41.22928889,41.22928889,-95.968427780,-95.968427780,0,No Special Jurisdiction,33,Curb,0,The First Harmful Event was Not a Collision with a Motor Vehicle in Transport,0,No,3,Intersection-Related,2,Four-Way Intersection,0,None,,,4,On Roadside,3,Dark - Lighted,,,,,10,Cloudy,0,No,0000000,Not Applicable,2,2:00am-2:59am,47,47,2,2:00am-2:59am,52,52,88,"Not Applicable (Not Transported) ",88,Not Applicable (Not Transported),,,,,,,1,1
2020,31,310131,Nebraska,3,3,0,0,0,4,4,151,SALINE (151),0,NOT APPLICABLE,25,25,6,June,2020,5,Thursday,17,5:00pm-5:59pm,1,1,0,This section IS NOT on the NHS,1,Rural,4,Minor Arterial,1,State Highway Agency,2,U.S. Highway,US-6,CR-PAGE ST,2728,2728,40.65478333,40.65478333,-97.273611110,-97.273611110,0,No Special Jurisdiction,12,Motor Vehicle In-Transport,1,Front-to-Rear,0,No,2,Intersection,2,Four-Way Intersection,0,None,,,1,On Roadway,1,Daylight,,,,,1,Clear,0,No,0000000,Not Applicable,99,Unknown,99,Unknown,99,Unknown EMS Scene Arrival Hour,99,Unknown EMS Scene Arrival Minutes,99,Unknown,99,Unknown EMS Hospital Arrival Time,,,,,,,1,0
2020,31,310132,Nebraska,2,2,0,0,0,4,4,1,ADAMS (1),0,NOT APPLICABLE,18,18,8,August,2020,3,Tuesday,23,11:00pm-11:59pm,48,48,0,This section IS NOT on the NHS,1,Rural,4,Minor Arterial,1,State Highway Agency,2,U.S. Highway,US-281,CR-IDLEWILDE AVE,435,435,40.55350278,40.55350278,-98.402030560,-98.402030560,0,No Special Jurisdiction,12,Motor Vehicle In-Transport,6,Angle,0,No,2,Intersection,3,T-Intersection,0,None,,,1,On Roadway,2,Dark - Not Lighted,,,,,1,Clear,0,No,0000000,Not Applicable,23,11:00pm-11:59pm,49,49,23,11:00pm-11:59pm,51,51,0,0:00am-0:59am,8,8,,,,,,,2,0
2020,31,310133,Nebraska,2,2,0,0,0,2,2,111,LINCOLN (111),3520,NORTH PLATTE,21,21,8,August,2020,6,Friday,15,3:00pm-3:59pm,8,8,1,This section IS ON the NHS,1,Rural,3,Principal Arterial - Other,1,State Highway Agency,2,U.S. Highway,US-83,E STATE FARM RD,798,798,41.09024444,41.09024444,-100.766122220,-100.766122220,0,No Special Jurisdiction,12,Motor Vehicle In-Transport,6,Angle,0,No,2,Intersection,2,Four-Way Intersection,0,None,,,1,On Roadway,1,Daylight,,,,,1,Clear,0,No,0000000,Not Applicable,15,3:00pm-3:59pm,8,8,15,3:00pm-3:59pm,13,13,15,3:00pm-3:59pm,45,45,,,,,,,1,0