caseyear,state,st_case,statename,ve_total,ve_forms,pvh_invl,peds,pernotmvit,permvit,persons,county,countyname,city,cityname,day,dayname,month,monthname,year,day_week,day_weekname,hour,hourname,minute,minutename,nhs,nhsname,rur_urb,rur_urbname,func_sys,func_sysname,rd_owner,rd_ownername,route,routename,tway_id,tway_id2,milept,mileptname,latitude,latitudename,longitud,longitudname,sp_jur,sp_jurname,harm_ev,harm_evname,man_coll,man_collname,reljct1,reljct1name,reljct2,reljct2name,typ_int,typ_intname,wrk_zone,wrk_zonename,road_fnc,road_fncname,rel_road,rel_roadname,lgt_cond,lgt_condname,weather1,weather1name,weather2,weather2name,weather,weathername,sch_bus,sch_busname,rail,railname,not_hour,not_hourname,not_min,not_minname,arr_hour,arr_hourname,arr_min,arr_minname,hosp_hr,hosp_hrname,hosp_mn,hosp_mnname,cf1,cf1name,cf2,cf2name,cf3,cf3name,fatals,drunk_dr
2021,31,310099,Nebraska,1,1,0,0,0,2,2,147,RICHARDSON (147),0,NOT APPLICABLE,5,5,7,July,2021,2,Monday,15,3:00pm-3:59pm,13,13,0,This section IS NOT on the NHS,1,Rural,7,Local,2,County Highway Agency,4,County Road,CR-645 AVE,,0,None,40.08740833,40.08740833,-95.718819440,-95.718819440,0,No Special Jurisdiction,10,Railway Vehicle,0,The First Harmful Event was Not a Collision with a Motor Vehicle in Transport,0,No,6,"Railway Grade Crossing ",1,Not an Intersection,0,None,,,1,On Roadway,1,Daylight,,,,,1,Clear,0,No,074620T,074620T,15,3:00pm-3:59pm,16,16,15,3:00pm-3:59pm,31,31,16,4:00pm-4:59pm,5,5,,,,,,,1,
2021,31,310100,Nebraska,2,2,0,0,0,2,2,157,SCOTTS BLUFF (157),0,NOT APPLICABLE,6,6,8,August,2021,6,Friday,7,7:00am-7:59am,15,15,1,This section IS ON the NHS,1,Rural,3,Principal Arterial - Other,1,State Highway Agency,3,State Highway,SR-71,,639,639,41.83368056,41.83368056,-103.634202780,-103.634202780,0,No Special Jurisdiction,12,Motor Vehicle In-Transport,2,Front-to-Front,0,No,1,Non-Junction,1,Not an Intersection,0,None,,,1,On Roadway,1,Daylight,,,,,1,Clear,0,No,0000000,Not Applicable,7,7:00am-7:59am,15,15,7,7:00am-7:59am,21,21,88,"Not Applicable (Not Transported) ",88,Not Applicable (Not Transported),,,,,,,1,
2021,31,310101,Nebraska,1,1,0,0,0,2,2,123,MORRILL (123),0,NOT APPLICABLE,7,7,8,August,2021,7,Saturday,20,8:00pm-8:59pm,11,11,0,This section IS NOT on the NHS,1,Rural,7,Local,2,County Highway Agency,4,County Road,CR-COUNTY ROAD 101,,0,None,41.77686944,41.77686944,-103.079127780,-103.079127780,0,No Special Jurisdiction,1,Rollover/Overturn,0,The First Harmful Event was Not a Collision with a Motor Vehicle in Transport,0,No,1,Non-Junction,1,Not an Intersection,0,None,,,4,On Roadside,5,Dusk,,,,,1,Clear,0,No,0000000,Not Applicable,20,8:00pm-8:59pm,15,15,20,8:00pm-8:59pm,30,30,99,Unknown,99,Unknown EMS Hospital Arrival Time,,,,,,,1,
2021,31,310102,Nebraska,1,1,0,0,0,1,1,33,CHEYENNE (33),4430,SIDNEY,11,11,8,August,2021,4,Wednesday,5,5:00am-5:59am,42,42,0,This section IS NOT on the NHS,2,Urban,4,Minor Arterial,4,City or Municipal Highway Agency,6,Local Street - Municipality,CR-OLD POST ROAD,,0,None,41.11705833,41.11705833,-102.963400000,-102.963400000,0,No Special Jurisdiction,1,Rollover/Overturn,0,The First Harmful Event was Not a Collision with a Motor Vehicle in Transport,0,No,1,Non-Junction,1,Not an Intersection,0,None,,,4,On Roadside,3,Dark - Lighted,,,,,1,Clear,0,No,0000000,Not Applicable,99,Unknown,98,Unknown if Notified,99,Unknown EMS Scene Arrival Hour,98,Unknown if Arrived,88,"Not Applicable (Not Transported) ",88,Not Applicable (Not Transported),,,,,,,1,
2021,31,310103,Nebraska,1,1,0,0,0,1,1,43,DAKOTA (43),0,NOT APPLICABLE,15,15,8,August,2021,1,Sunday,99,Unknown Hours,99,Unknown Minutes,0,This section IS NOT on the NHS,1,Rural,5,Major Collector,2,County Highway Agency,4,County Road,CR-N BLUFF RD,,0,None,42.40466389,42.40466389,-96.573205560,-96.573205560,0,No Special Jurisdiction,42,Tree (Standing Only),0,The First Harmful Event was Not a Collision with a Motor Vehicle in Transport,0,No,1,Non-Junction,1,Not an Intersection,0,None,,,4,On Roadside,1,Daylight,,,,,1,Clear,0,No,0000000,Not Applicable,99,Unknown,98,Unknown if Notified,99,Unknown EMS Scene Arrival Hour,98,Unknown if Arrived,88,"Not Applicable (Not Transported) ",88,Not Applicable (Not Transported),,,,,,,1,
2021,31,310104,Nebraska,2,2,0,0,0,3,3,3,ANTELOPE (3),3380,NELIGH,11,11,6,June,2021,6,Friday,13,1:00pm-1:59pm,5,5,1,This section IS ON the NHS,1,Rural,3,Principal Arterial - Other,1,State Highway Agency,2,U.S. Highway,US-275,SR-14,180,180,42.13575278,42.13575278,-98.037827780,-98.037827780,0,No Special Jurisdiction,12,Motor Vehicle In-Transport,6,Angle,0,No,2,Intersection,2,Four-Way Intersection,0,None,,,1,On Roadway,1,Daylight,,,,,1,Clear,0,No,0000000,Not Applicable,13,1:00pm-1:59pm,7,7,13,1:00pm-1:59pm,55,55,88,"Not Applicable (Not Transported) ",88,Not Applicable (Not Transported),,,,,,,3,
2021,31,310105,Nebraska,1,1,0,0,0,2,2,157,SCOTTS BLUFF (157),0,NOT APPLICABLE,18,18,8,August,2021,4,Wednesday,4,4:00am-4:59am,20,20,0,This section IS NOT on the NHS,1,Rural,5,Major Collector,2,County Highway Agency,4,County Road,CR-CO RD U,,0,None,41.75852778,41.75852778,-103.377766670,-103.377766670,0,No Special Jurisdiction,1,Rollover/Overturn,0,The First Harmful Event was Not a Collision with a Motor Vehicle in Transport,0,No,1,Non-Junction,1,Not an Intersection,0,None,,,4,On Roadside,2,Dark - Not Lighted,,,,,1,Clear,0,No,0000000,Not Applicable,4,4:00am-4:59am,29,29,4,4:00am-4:59am,54,54,99,Unknown,99,Unknown EMS Hospital Arrival Time,,,,,,,1,
2021,31,310106,Nebraska,1,1,0,0,0,1,1,97,JOHNSON (97),0,NOT APPLICABLE,27,27,8,August,2021,6,Friday,99,Unknown Hours,99,Unknown Minutes,0,This section IS NOT on the NHS,1,Rural,7,Local,2,County Highway Agency,4,County Road,CR-612 ROAD,,0,None,40.35911389,40.35911389,-96.350144440,-96.350144440,0,No Special Jurisdiction,34,Ditch,0,The First Harmful Event was Not a Collision with a Motor Vehicle in Transport,0,No,1,Non-Junction,1,Not an Intersection,0,None,,,4,On Roadside,1,Daylight,,,,,1,Clear,0,No,0000000,Not Applicable,99,Unknown,98,Unknown if Notified,99,Unknown EMS Scene Arrival Hour,98,Unknown if Arrived,88,"Not Applicable (Not Transported) ",88,Not Applicable (Not Transported),,,,,,,1,
2021,31,310107,Nebraska,1,1,0,1,1,1,1,87,HITCHCOCK (87),4880,TRENTON,29,29,8,August,2021,1,Sunday,22,10:00pm-10:59pm,21,21,0,This section IS NOT on the NHS,1,Rural,5,Major Collector,1,State Highway Agency,3,State Highway,SR-25,E I ST,151,151,40.17953333,40.17953333,-101.013075000,-101.013075000,0,No Special Jurisdiction,8,Pedestrian,0,The First Harmful Event was Not a Collision with a Motor Vehicle in Transport,0,No,3,Intersection-Related,3,T-Intersection,0,None,,,1,On Roadway,2,Dark - Not Lighted,,,,,1,Clear,0,No,0000000,Not Applicable,22,10:00pm-10:59pm,32,32,22,10:00pm-10:59pm,40,40,23,11:00pm-11:59pm,14,14,,,,,,,1,
2021,31,310108,Nebraska,2,2,0,0,0,2,2,79,HALL (79),2090,GRAND ISLAND,30,30,8,August,2021,2,Monday,19,7:00pm-7:59pm,28,28,0,This section IS NOT on the NHS,2,Urban,4,Minor Arterial,4,City or Municipal Highway Agency,6,Local Street - Municipality,S LOCUST ST,WOODLAND DR,0,None,40.89032222,40.89032222,-98.339750000,-98.339750000,0,No Special Jurisdiction,12,Motor Vehicle In-Transport,6,Angle,0,No,2,Intersection,2,Four-Way Intersection,0,None,,,1,On Roadway,1,Daylight,,,,,1,Clear,0,No,0000000,Not Applicable,19,7:00pm-7:59pm,31,31,19,7:00pm-7:59pm,34,34,19,7:00pm-7:59pm,50,50,,,,,,,1,
2021,31,310109,Nebraska,4,4,0,0,0,4,4,25,CASS (25),0,NOT APPLICABLE,17,17,6,June,2021,5,Thursday,6,6:00am-6:59am,40,40,1,This section IS ON the NHS,1,Rural,1,Interstate,1,State Highway Agency,1,Interstate,I-80,,4230,4230,40.99248056,40.99248056,-96.354863890,-96.354863890,0,No Special Jurisdiction,12,Motor Vehicle In-Transport,7,Sideswipe - Same Direction,0,No,1,Non-Junction,1,Not an Intersection,0,None,,,1,On Roadway,1,Daylight,,,,,1,Clear,0,No,0000000,Not Applicable,6,6:00am-6:59am,43,43,6,6:00am-6:59am,51,51,88,"Not Applicable (Not Transported) ",88,Not Applicable (Not Transported),,,,,,,1,
2021,31,310110,Nebraska,1,1,0,1,1,1,1,159,SEWARD (159),0,NOT APPLICABLE,2,2,9,September,2021,5,Thursday,6,6:00am-6:59am,1,1,1,This section IS ON the NHS,1,Rural,1,Interstate,1,State Highway Agency,1,Interstate,I-80,,3720,3720,40.82233333,40.82233333,-97.238780560,-97.238780560,0,No Special Jurisdiction,8,Pedestrian,0,The First Harmful Event was Not a Collision with a Motor Vehicle in Transport,0,No,1,Non-Junction,1,Not an Intersection,0,None,,,1,On Roadway,2,Dark - Not Lighted,,,,,1,Clear,0,No,0000000,Not Applicable,99,Unknown,99,Unknown,99,Unknown EMS Scene Arrival Hour,99,Unknown EMS Scene Arrival Minutes,88,"Not Applicable (Not Transported) ",88,Not Applicable (Not Transported),,,,,,,1,
2021,31,310111,Nebraska,2,2,0,0,0,2,2,87,HITCHCOCK (87),0,NOT APPLICABLE,3,3,9,September,2021,6,Friday,19,7:00pm-7:59pm,12,12,1,This section IS ON the NHS,1,Rural,3,Principal Arterial - Other,1,State Highway Agency,2,U.S. Highway,US-34,,540,540,40.17514167,40.17514167,-101.140913890,-101.140913890,0,No Special Jurisdiction,12,Motor Vehicle In-Transport,2,Front-to-Front,0,No,1,Non-Junction,1,Not an Intersection,0,None,,,1,On Roadway,1,Daylight,,,,,1,Clear,0,No,0000000,Not Applicable,19,7:00pm-7:59pm,14,14,19,7:00pm-7:59pm,23,23,20,8:00pm-8:59pm,21,21,,,,,,,2,
2021,31,310112,Nebraska,1,1,0,0,0,1,1,145,RED WILLOW (145),0,NOT APPLICABLE,4,4,9,September,2021,7,Saturday,20,8:00pm-8:59pm,3,3,1,This section IS ON the NHS,1,Rural,3,Principal Arterial - Other,1,State Highway Agency,2,U.S. Highway,US-83,,240,240,40.32006667,40.32006667,-100.648911110,-100.648911110,0,No Special Jurisdiction,31,"Post, Pole or Other Supports",0,The First Harmful Event was Not a Collision with a Motor Vehicle in Transport,0,No,1,Non-Junction,1,Not an Intersection,0,None,,,4,On Roadside,1,Daylight,,,,,1,Clear,0,No,0000000,Not Applicable,99,Unknown,99,Unknown,99,Unknown EMS Scene Arrival Hour,99,Unknown EMS Scene Arrival Minutes,88,"Not Applicable (Not Transported) ",88,Not Applicable (Not Transported),,,,,,,1,
2021,31,310113,Nebraska,8,8,0,0,0,18,18,109,LANCASTER (109),2830,LINCOLN,4,4,9,September,2021,7,Saturday,9,9:00am-9:59am,24,24,1,This section IS ON the NHS,2,Urban,1,Interstate,1,State Highway Agency,1,Interstate,I-80,,99998,Not Reported,40.87137778,40.87137778,-96.699705560,-96.699705560,0,No Special Jurisdiction,12,Motor Vehicle In-Transport,1,Front-to-Rear,0,No,1,Non-Junction,1,Not an Intersection,0,None,,,1,On Roadway,1,Daylight,,,,,1,Clear,0,No,0000000,Not Applicable,9,9:00am-9:59am,29,29,9,9:00am-9:59am,33,33,9,9:00am-9:59am,54,54,,,,,,,2,
2021,31,310114,Nebraska,1,1,0,1,1,2,2,79,HALL (79),2090,GRAND ISLAND,6,6,9,September,2021,2,Monday,0,0:00am-0:59am,8,8,1,This section IS ON the NHS,2,Urban,3,Principal Arterial - Other,1,State Highway Agency,2,U.S. Highway,US-281,W FAIDLEY AVE,99998,Not Reported,40.92436667,40.92436667,-98.383413890,-98.383413890,0,No Special Jurisdiction,9,Pedalcyclist,0,The First Harmful Event was Not a Collision with a Motor Vehicle in Transport,0,No,2,Intersection,2,Four-Way Intersection,0,None,,,1,On Roadway,3,Dark - Lighted,,,,,1,Clear,0,No,0000000,Not Applicable,0,0:00am-0:59am,9,9,0,0:00am-0:59am,13,13,88,"Not Applicable (Not Transported) ",88,Not Applicable (Not Transported),,,,,,,1,
2021,31,310115,Nebraska,1,1,0,0,0,1,1,25,CASS (25),0,NOT APPLICABLE,6,6,9,September,2021,2,Monday,8,8:00am-8:59am,19,19,1,This section IS ON the NHS,1,Rural,1,Interstate,1,State Highway Agency,1,Interstate,I-80,,99998,Not Reported,40.99438333,40.99438333,-96.348600000,-96.348600000,0,No Special Jurisdiction,35,Embankment,0,The First Harmful Event was Not a Collision with a Motor Vehicle in Transport,0,No,1,Non-Junction,1,Not an Intersection,0,None,,,3,On Median,1,Daylight,,,,,1,Clear,0,No,0000000,Not Applicable,8,8:00am-8:59am,19,19,8,8:00am-8:59am,35,35,88,"Not Applicable (Not Transported) ",88,Not Applicable (Not Transported),,,,,,,1,
2021,31,310116,Nebraska,1,1,0,0,0,1,1,159,SEWARD (159),0,NOT APPLICABLE,9,9,9,September,2021,5,Thursday,9,9:00am-9:59am,18,18,1,This section IS ON the NHS,1,Rural,1,Interstate,1,State Highway Agency,1,Interstate,I-80,,99998,Not Reported,40.82226667,40.82226667,-97.096880560,-97.096880560,0,No Special Jurisdiction,1,Rollover/Overturn,0,The First Harmful Event was Not a Collision with a Motor Vehicle in Transport,0,No,1,Non-Junction,1,Not an Intersection,0,None,,,3,On Median,1,Daylight,,,,,1,Clear,0,No,0000000,Not Applicable,9,9:00am-9:59am,26,26,9,9:00am-9:59am,40,40,10,10:00am-10:59am,11,11,,,,,,,1,
2021,31,310117,Nebraska,2,2,0,0,0,2,2,109,LANCASTER (109),2830,LINCOLN,9,9,9,September,2021,5,Thursday,10,10:00am-10:59am,46,46,1,This section IS ON the NHS,2,Urban,3,Principal Arterial - Other,1,State Highway Agency,3,State Highway,SR-2,S 40TH ST,4559,4559,40.76258333,40.76258333,-96.663269440,-96.663269440,0,No Special Jurisdiction,12,Motor Vehicle In-Transport,6,Angle,0,No,2,Intersection,2,Four-Way Intersection,0,None,,,1,On Roadway,1,Daylight,,,,,1,Clear,0,No,0000000,Not Applicable,10,10:00am-10:59am,49,49,10,10:00am-10:59am,54,54,11,11:00am-11:59am,21,21,,,,,,,1,
2021,31,310118,Nebraska,2,2,0,0,0,3,3,101,KEITH (101),0,NOT APPLICABLE,10,10,9,September,2021,6,Friday,23,11:00pm-11:59pm,38,38,1,This section IS ON the NHS,1,Rural,1,Interstate,1,State Highway Agency,1,Interstate,I-80,,1160,1160,41.07835833,41.07835833,-101.911766670,-101.911766670,0,No Special Jurisdiction,12,Motor Vehicle In-Transport,2,Front-to-Front,0,No,1,Non-Junction,1,Not an Intersection,4,"Work Zone, Type Unknown",,,1,On Roadway,2,Dark - Not Lighted,,,,,1,Clear,0,No,0000000,Not Applicable,99,Unknown,99,Unknown,99,Unknown EMS Scene Arrival Hour,99,Unknown EMS Scene Arrival Minutes,88,"Not Applicable (Not Transported) ",88,Not Applicable (Not Transported),,,,,,,1,
2021,31,310119,Nebraska,2,2,0,0,0,3,3,55,DOUGLAS (55),0,NOT APPLICABLE,11,11,9,September,2021,7,Saturday,12,12:00pm-12:59pm,30,30,1,This section IS ON the NHS,1,Rural,3,Principal Arterial - Other,1,State Highway Agency,3,State Highway,SR-133,SR-36,80,80,41.36470278,41.36470278,-96.094511110,-96.094511110,0,No Special Jurisdiction,12,Motor Vehicle In-Transport,6,Angle,0,No,2,Intersection,2,Four-Way Intersection,0,None,,,1,On Roadway,1,Daylight,,,,,1,Clear,0,No,0000000,Not Applicable,12,12:00pm-12:59pm,30,30,12,12:00pm-12:59pm,36,36,99,Unknown,99,Unknown EMS Hospital Arrival Time,,,,,,,1,
2021,31,310120,Nebraska,1,1,0,0,0,1,1,41,CUSTER (41),0,NOT APPLICABLE,13,13,9,September,2021,2,Monday,22,10:00pm-10:59pm,42,42,0,This section IS NOT on the NHS,1,Rural,4,Minor Arterial,1,State Highway Agency,2,U.S. Highway,US-183,,991,991,41.41893889,41.41893889,-99.386938890,-99.386938890,0,No Special Jurisdiction,24,Guardrail Face,0,The First Harmful Event was Not a Collision with a Motor Vehicle in Transport,0,No,1,Non-Junction,1,Not an Intersection,0,None,,,4,On Roadside,2,Dark - Not Lighted,,,,,1,Clear,0,No,0000000,Not Applicable,22,10:00pm-10:59pm,51,51,23,11:00pm-11:59pm,9,9,23,11:00pm-11:59pm,29,29,,,,,,,1,
2021,31,310121,Nebraska,2,2,0,0,0,3,3,79,HALL (79),0,NOT APPLICABLE,14,14,9,September,2021,3,Tuesday,17,5:00pm-5:59pm,41,41,1,This section IS ON the NHS,1,Rural,1,Interstate,1,State Highway Agency,1,Interstate,I-80,,2960,2960,40.73112500,40.73112500,-98.658697220,-98.658697220,0,No Special Jurisdiction,12,Motor Vehicle In-Transport,1,Front-to-Rear,0,No,1,Non-Junction,1,Not an Intersection,0,None,,,1,On Roadway,1,Daylight,,,,,1,Clear,0,No,0000000,Not Applicable,17,5:00pm-5:59pm,46,46,17,5:00pm-5:59pm,58,58,88,"Not Applicable (Not Transported) ",88,Not Applicable (Not Transported),,,,,,,1,
2021,31,310122,Nebraska,2,2,0,0,0,5,5,109,LANCASTER (109),0,NOT APPLICABLE,17,17,9,September,2021,6,Friday,21,9:00pm-9:59pm,8,8,1,This section IS ON the NHS,1,Rural,3,Principal Arterial - Other,1,State Highway Agency,3,State Highway,SR-2,,4638,4638,40.71171944,40.71171944,-96.559486110,-96.559486110,0,No Special Jurisdiction,12,Motor Vehicle In-Transport,2,Front-to-Front,0,No,1,Non-Junction,1,Not an Intersection,4,"Work Zone, Type Unknown",,,1,On Roadway,2,Dark - Not Lighted,,,,,1,Clear,0,No,0000000,Not Applicable,21,9:00pm-9:59pm,20,20,21,9:00pm-9:59pm,33,33,22,10:00pm-10:59pm,6,6,,,,,,,1,
2021,31,310123,Nebraska,1,1,0,0,0,1,1,79,HALL (79),0,NOT APPLICABLE,22,22,9,September,2021,4,Wednesday,22,10:00pm-10:59pm,12,12,0,This section IS NOT on the NHS,2,Urban,4,Minor Arterial,1,State Highway Agency,2,U.S. Highway,US-30,,3065,3065,40.87268333,40.87268333,-98.461719440,-98.461719440,0,No Special Jurisdiction,10,Railway Vehicle,0,The First Harmful Event was Not a Collision with a Motor Vehicle in Transport,0,No,6,"Railway Grade Crossing ",1,Not an Intersection,0,None,,,1,On Roadway,2,Dark - Not Lighted,,,,,1,Clear,0,No,815797J,815797J,22,10:00pm-10:59pm,13,13,22,10:00pm-10:59pm,24,24,88,"Not Applicable (Not Transported) ",88,Not Applicable (Not Transported),,,,,,,1,
2021,31,310124,Nebraska,1,1,0,0,0,1,1,53,DODGE (53),0,NOT APPLICABLE,24,24,9,September,2021,6,Friday,99,Unknown Hours,99,Unknown Minutes,1,This section IS ON the NHS,1,Rural,3,Principal Arterial - Other,1,State Highway Agency,2,U.S. Highway,US-30,,4123,4123,41.45950000,41.45950000,-96.743630560,-96.743630560,0,No Special Jurisdiction,42,Tree (Standing Only),0,The First Harmful Event was Not a Collision with a Motor Vehicle in Transport,0,No,1,Non-Junction,1,Not an Intersection,0,None,,,4,On Roadside,2,Dark - Not Lighted,,,,,1,Clear,0,No,0000000,Not Applicable,2,2:00am-2:59am,39,39,2,2:00am-2:59am,31,31,2,2:00am-2:59am,42,42,,,,,,,1,
2021,31,310125,Nebraska,2,2,0,0,0,6,6,55,DOUGLAS (55),0,NOT APPLICABLE,24,24,9,September,2021,6,Friday,3,3:00am-3:59am,46,46,1,This section IS ON the NHS,1,Rural,3,Principal Arterial - Other,1,State Highway Agency,2,U.S. Highway,US-6,W Q ROAD,3525,3525,41.20482500,41.20482500,-96.234411110,-96.234411110,0,No Special Jurisdiction,12,Motor Vehicle In-Transport,6,Angle,0,No,2,Intersection,2,Four-Way Intersection,0,None,,,1,On Roadway,3,Dark - Lighted,,,,,1,Clear,0,No,0000000,Not Applicable,3,3:00am-3:59am,48,48,3,3:00am-3:59am,52,52,4,4:00am-4:59am,32,32,,,,,,,1,
2021,31,310126,Nebraska,1,1,0,0,0,1,1,55,DOUGLAS (55),0,NOT APPLICABLE,25,25,9,September,2021,7,Saturday,6,6:00am-6:59am,52,52,1,This section IS ON the NHS,1,Rural,3,Principal Arterial - Other,1,State Highway Agency,3,State Highway,SR-133,,70,70,41.35854444,41.35854444,-96.094136110,-96.094136110,0,No Special Jurisdiction,42,Tree (Standing Only),0,The First Harmful Event was Not a Collision with a Motor Vehicle in Transport,0,No,1,Non-Junction,1,Not an Intersection,0,None,,,4,On Roadside,4,Dawn,,,,,1,Clear,0,No,0000000,Not Applicable,6,6:00am-6:59am,53,53,7,7:00am-7:59am,2,2,7,7:00am-7:59am,36,36,,,,,,,1,
2021,31,310127,Nebraska,2,2,0,0,0,4,4,59,FILLMORE (59),0,NOT APPLICABLE,28,28,9,September,2021,3,Tuesday,14,2:00pm-2:59pm,41,41,1,This section IS ON the NHS,1,Rural,3,Principal Arterial - Other,1,State Highway Agency,2,U.S. Highway,US-81,CR-ROAD W,275,275,40.37949167,40.37949167,-97.596200000,-97.596200000,0,No Special Jurisdiction,12,Motor Vehicle In-Transport,1,Front-to-Rear,0,No,2,Intersection,2,Four-Way Intersection,0,None,,,1,On Roadway,1,Daylight,,,,,1,Clear,0,No,0000000,Not Applicable,99,Unknown,99,Unknown,99,Unknown EMS Scene Arrival Hour,99,Unknown EMS Scene Arrival Minutes,99,Unknown,99,Unknown EMS Hospital Arrival Time,,,,,,,1,
2021,31,310128,Nebraska,2,2,0,0,0,3,3,141,PLATTE (141),0,NOT APPLICABLE,28,28,9,September,2021,3,Tuesday,16,4:00pm-4:59pm,13,13,0,This section IS NOT on the NHS,1,Rural,5,Major Collector,2,County Highway Agency,4,County Road,CR-LOST CREEK PARKWAY,CR-E 38TH ST,0,None,41.45299167,41.45299167,-97.321119440,-97.321119440,0,No Special Jurisdiction,12,Motor Vehicle In-Transport,6,Angle,0,No,2,Intersection,2,Four-Way Intersection,0,None,,,1,On Roadway,1,Daylight,,,,,1,Clear,0,No,0000000,Not Applicable,16,4:00pm-4:59pm,16,16,16,4:00pm-4:59pm,23,23,16,4:00pm-4:59pm,41,41,,,,,,,1,
2021,31,310129,Nebraska,1,1,0,0,0,1,1,153,SARPY (153),0,NOT APPLICABLE,3,3,10,October,2021,1,Sunday,4,4:00am-4:59am,0,0,0,This section IS NOT on the NHS,1,Rural,4,Minor Arterial,1,State Highway Agency,3,State Highway,SR-50,,796,796,41.04658611,41.04658611,-96.138733330,-96.138733330,0,No Special Jurisdiction,34,Ditch,0,The First Harmful Event was Not a Collision with a Motor Vehicle in Transport,0,No,1,Non-Junction,1,Not an Intersection,0,None,,,4,On Roadside,2,Dark - Not Lighted,,,,,1,Clear,0,No,0000000,Not Applicable,99,Unknown,99,Unknown,99,Unknown EMS Scene Arrival Hour,99,Unknown EMS Scene Arrival Minutes,88,"Not Applicable (Not Transported) ",88,Not Applicable (Not Transported),,,,,,,1,
2021,31,310130,Nebraska,2,2,0,0,0,3,3,39,CUMING (39),0,NOT APPLICABLE,6,6,10,October,2021,4,Wednesday,18,6:00pm-6:59pm,24,24,1,This section IS ON the NHS,1,Rural,3,Principal Arterial - Other,1,State Highway Agency,2,U.S. Highway,US-275,,1050,1050,41.96386111,41.96386111,-96.881188890,-96.881188890,0,No Special Jurisdiction,12,Motor Vehicle In-Transport,2,Front-to-Front,0,No,1,Non-Junction,1,Not an Intersection,0,None,,,1,On Roadway,1,Daylight,,,,,1,Clear,0,No,0000000,Not Applicable,18,6:00pm-6:59pm,27,27,18,6:00pm-6:59pm,35,35,88,"Not Applicable (Not Transported) ",88,Not Applicable (Not Transported),,,,,,,2,
2021,31,310131,Nebraska,1,1,0,0,0,2,2,13,BOX BUTTE (13),0,NOT APPLICABLE,7,7,10,October,2021,5,Thursday,22,10:00pm-10:59pm,25,25,0,This section IS NOT on the NHS,1,Rural,7,Local,2,County Highway Agency,4,County Road,CR-CR 61,,0,None,42.13514444,42.13514444,-102.898069440,-102.898069440,0,No Special Jurisdiction,1,Rollover/Overturn,0,The First Harmful Event was Not a Collision with a Motor Vehicle in Transport,0,No,1,Non-Junction,1,Not an Intersection,0,None,,,1,On Roadway,2,Dark - Not Lighted,,,,,1,Clear,0,No,0000000,Not Applicable,22,10:00pm-10:59pm,33,33,22,10:00pm-10:59pm,44,44,99,Unknown,99,Unknown EMS Hospital Arrival Time,,,,,,,1,
2021,31,310132,Nebraska,1,1,0,0,0,3,3,161,SHERIDAN (161),0,NOT APPLICABLE,11,11,10,October,2021,2,Monday,14,2:00pm-2:59pm,25,25,0,This section IS NOT on the NHS,1,Rural,4,Minor Arterial,1,State Highway Agency,3,State Highway,SR-27,,2120,2120,42.93892222,42.93892222,-102.221513890,-102.221513890,0,No Special Jurisdiction,1,Rollover/Overturn,0,The First Harmful Event was Not a Collision with a Motor Vehicle in Transport,0,No,1,Non-Junction,1,Not an Intersection,0,None,,,4,On Roadside,1,Daylight,,,,,1,Clear,0,No,0000000,Not Applicable,14,2:00pm-2:59pm,27,27,14,2:00pm-2:59pm,38,38,15,3:00pm-3:59pm,2,2,,,,,,,1,
2021,31,310133,Nebraska,2,2,0,0,0,2,2,185,YORK (185),0,NOT APPLICABLE,12,12,10,October,2021,3,Tuesday,10,10:00am-10:59am,55,55,0,This section IS NOT on the NHS,1,Rural,4,Minor Arterial,1,State Highway Agency,2,U.S. Highway,US-34,CR-RD O,2765,2765,40.90133056,40.90133056,-97.539502780,-97.539502780,0,No Special Jurisdiction,12,Motor Vehicle In-Transport,1,Front-to-Rear,0,No,3,Intersection-Related,2,Four-Way Intersection,0,None,,,1,On Roadway,1,Daylight,,,,,1,Clear,0,No,0000000,Not Applicable,11,11:00am-11:59am,0,0,11,11:00am-11:59am,7,7,11,11:00am-11:59am,30,30,,,,,,,1,
2021,31,310134,Nebraska,1,1,0,0,0,1,1,109,LANCASTER (109),2830,LINCOLN,11,11,10,October,2021,2,Monday,22,10:00pm-10:59pm,45,45,0,This section IS NOT on the NHS,2,Urban,4,Minor Arterial,4,City or Municipal Highway Agency,6,Local Street - Municipality,1ST STREET,,0,None,40.84408611,40.84408611,-96.720316670,-96.720316670,0,No Special Jurisdiction,33,Curb,0,The First Harmful Event was Not a Collision with a Motor Vehicle in Transport,0,No,1,Non-Junction,1,Not an Intersection,0,None,,,4,On Roadside,2,Dark - Not Lighted,,,,,1,Clear,0,No,0000000,Not Applicable,22,10:00pm-10:59pm,46,46,22,10:00pm-10:59pm,51,51,23,11:00pm-11:59pm,21,21,,,,,,,1,
2021,31,310135,Nebraska,1,1,0,0,0,2,2,19,BUFFALO (19),2680,KEARNEY,13,13,10,October,2021,4,Wednesday,14,2:00pm-2:59pm,59,59,0,This section IS NOT on the NHS,2,Urban,7,Local,4,City or Municipal Highway Agency,6,Local Street - Municipality,2795 COTTONMILL AVE,,0,None,40.70521111,40.70521111,-99.147033330,-99.147033330,0,No Special Jurisdiction,3,Immersion or Partial Immersion,0,The First Harmful Event was Not a Collision with a Motor Vehicle in Transport,0,No,1,Non-Junction,1,Not an Intersection,0,None,,,4,On Roadside,1,Daylight,,,,,1,Clear,0,No,0000000,Not Applicable,14,2:00pm-2:59pm,59,59,15,3:00pm-3:59pm,2,2,99,Unknown,99,Unknown EMS Hospital Arrival Time,,,,,,,1,