caseyear,state,st_case,statename,ve_total,ve_forms,pvh_invl,peds,pernotmvit,permvit,persons,county,countyname,city,cityname,day,dayname,month,monthname,year,day_week,day_weekname,hour,hourname,minute,minutename,nhs,nhsname,rur_urb,rur_urbname,func_sys,func_sysname,rd_owner,rd_ownername,route,routename,tway_id,tway_id2,milept,mileptname,latitude,latitudename,longitud,longitudname,sp_jur,sp_jurname,harm_ev,harm_evname,man_coll,man_collname,reljct1,reljct1name,reljct2,reljct2name,typ_int,typ_intname,wrk_zone,wrk_zonename,road_fnc,road_fncname,rel_road,rel_roadname,lgt_cond,lgt_condname,weather1,weather1name,weather2,weather2name,weather,weathername,sch_bus,sch_busname,rail,railname,not_hour,not_hourname,not_min,not_minname,arr_hour,arr_hourname,arr_min,arr_minname,hosp_hr,hosp_hrname,hosp_mn,hosp_mnname,cf1,cf1name,cf2,cf2name,cf3,cf3name,fatals,drunk_dr
2021,31,310136,Nebraska,2,2,0,0,0,2,2,53,DODGE (53),0,NOT APPLICABLE,13,13,10,October,2021,4,Wednesday,16,4:00pm-4:59pm,3,3,1,This section IS ON the NHS,1,Rural,3,Principal Arterial - Other,1,State Highway Agency,2,U.S. Highway,US-77,CR-CATHY STREET,1173,1173,41.46964722,41.46964722,-96.497341670,-96.497341670,0,No Special Jurisdiction,12,Motor Vehicle In-Transport,6,Angle,0,No,2,Intersection,4,Y-Intersection,0,None,,,1,On Roadway,1,Daylight,,,,,1,Clear,0,No,0000000,Not Applicable,16,4:00pm-4:59pm,4,4,16,4:00pm-4:59pm,9,9,88,"Not Applicable (Not Transported) ",88,Not Applicable (Not Transported),,,,,,,1,
2021,31,310137,Nebraska,1,1,0,0,0,1,1,157,SCOTTS BLUFF (157),0,NOT APPLICABLE,11,11,6,June,2021,6,Friday,99,Unknown Hours,99,Unknown Minutes,0,This section IS NOT on the NHS,1,Rural,4,Minor Arterial,1,State Highway Agency,3,State Highway,SR-92,,302,302,41.81942778,41.81942778,-103.626608330,-103.626608330,0,No Special Jurisdiction,1,Rollover/Overturn,0,The First Harmful Event was Not a Collision with a Motor Vehicle in Transport,0,No,1,Non-Junction,1,Not an Intersection,0,None,,,4,On Roadside,9,Reported as Unknown,,,,,99,Reported as Unknown,0,No,0000000,Not Applicable,9,9:00am-9:59am,9,9,9,9:00am-9:59am,16,16,88,"Not Applicable (Not Transported) ",88,Not Applicable (Not Transported),,,,,,,1,
2021,31,310138,Nebraska,1,1,0,0,0,1,1,125,NANCE (125),0,NOT APPLICABLE,31,31,7,July,2021,7,Saturday,21,9:00pm-9:59pm,55,55,0,This section IS NOT on the NHS,1,Rural,5,Major Collector,2,County Highway Agency,4,County Road,CR-270TH AVENUE,,0,None,41.45686944,41.45686944,-97.965122220,-97.965122220,0,No Special Jurisdiction,38,Fence,0,The First Harmful Event was Not a Collision with a Motor Vehicle in Transport,0,No,1,Non-Junction,1,Not an Intersection,0,None,,,4,On Roadside,9,Reported as Unknown,,,,,99,Reported as Unknown,0,No,0000000,Not Applicable,22,10:00pm-10:59pm,9,9,22,10:00pm-10:59pm,25,25,99,Unknown,99,Unknown EMS Hospital Arrival Time,,,,,,,1,
2021,31,310139,Nebraska,1,1,0,1,1,1,1,79,HALL (79),2090,GRAND ISLAND,28,28,8,August,2021,7,Saturday,21,9:00pm-9:59pm,17,17,0,This section IS NOT on the NHS,2,Urban,4,Minor Arterial,4,City or Municipal Highway Agency,6,Local Street - Municipality,N EDDY ST,,0,None,40.92785278,40.92785278,-98.351291670,-98.351291670,0,No Special Jurisdiction,8,Pedestrian,0,The First Harmful Event was Not a Collision with a Motor Vehicle in Transport,0,No,1,Non-Junction,1,Not an Intersection,0,None,,,1,On Roadway,3,Dark - Lighted,,,,,1,Clear,0,No,0000000,Not Applicable,21,9:00pm-9:59pm,19,19,21,9:00pm-9:59pm,24,24,21,9:00pm-9:59pm,34,34,,,,,,,1,
2021,31,310140,Nebraska,2,2,0,0,0,3,3,37,COLFAX (37),0,NOT APPLICABLE,29,29,9,September,2021,4,Wednesday,19,7:00pm-7:59pm,35,35,0,This section IS NOT on the NHS,1,Rural,4,Minor Arterial,1,State Highway Agency,3,State Highway,SR-15,SR-91,1751,1751,41.71359444,41.71359444,-97.059427780,-97.059427780,0,No Special Jurisdiction,12,Motor Vehicle In-Transport,6,Angle,0,No,2,Intersection,2,Four-Way Intersection,0,None,,,1,On Roadway,3,Dark - Lighted,,,,,10,Cloudy,0,No,0000000,Not Applicable,19,7:00pm-7:59pm,50,50,20,8:00pm-8:59pm,24,24,99,Unknown,99,Unknown EMS Hospital Arrival Time,,,,,,,1,
2021,31,310141,Nebraska,2,2,0,0,0,2,2,79,HALL (79),2090,GRAND ISLAND,14,14,10,October,2021,5,Thursday,7,7:00am-7:59am,47,47,1,This section IS ON the NHS,2,Urban,3,Principal Arterial - Other,1,State Highway Agency,2,U.S. Highway,US-30,S WEBB RD,3126,3126,40.91542778,40.91542778,-98.378433330,-98.378433330,0,No Special Jurisdiction,12,Motor Vehicle In-Transport,6,Angle,0,No,2,Intersection,2,Four-Way Intersection,0,None,,,1,On Roadway,1,Daylight,,,,,1,Clear,0,No,0000000,Not Applicable,7,7:00am-7:59am,50,50,7,7:00am-7:59am,56,56,88,"Not Applicable (Not Transported) ",88,Not Applicable (Not Transported),,,,,,,1,
2021,31,310142,Nebraska,2,2,0,0,0,2,2,181,WEBSTER (181),0,NOT APPLICABLE,15,15,10,October,2021,6,Friday,11,11:00am-11:59am,0,0,0,This section IS NOT on the NHS,1,Rural,4,Minor Arterial,1,State Highway Agency,2,U.S. Highway,US-81,CR-ROAD R,99998,Not Reported,40.21948611,40.21948611,-98.519480560,-98.519480560,0,No Special Jurisdiction,12,Motor Vehicle In-Transport,6,Angle,0,No,3,Intersection-Related,2,Four-Way Intersection,0,None,,,1,On Roadway,1,Daylight,,,,,1,Clear,0,No,0000000,Not Applicable,99,Unknown,98,Unknown if Notified,99,Unknown EMS Scene Arrival Hour,98,Unknown if Arrived,88,"Not Applicable (Not Transported) ",88,Not Applicable (Not Transported),,,,,,,1,
2021,31,310143,Nebraska,2,2,0,0,0,2,2,159,SEWARD (159),0,NOT APPLICABLE,19,19,10,October,2021,3,Tuesday,11,11:00am-11:59am,13,13,1,This section IS ON the NHS,1,Rural,1,Interstate,1,State Highway Agency,1,Interstate,I-80,,3074,3074,40.82261944,40.82261944,-97.248286110,-97.248286110,0,No Special Jurisdiction,12,Motor Vehicle In-Transport,2,Front-to-Front,0,No,1,Non-Junction,1,Not an Intersection,0,None,,,1,On Roadway,1,Daylight,,,,,1,Clear,0,No,0000000,Not Applicable,99,Unknown,99,Unknown,99,Unknown EMS Scene Arrival Hour,99,Unknown EMS Scene Arrival Minutes,88,"Not Applicable (Not Transported) ",88,Not Applicable (Not Transported),,,,,,,2,
2021,31,310144,Nebraska,1,1,0,0,0,3,3,13,BOX BUTTE (13),0,NOT APPLICABLE,20,20,10,October,2021,4,Wednesday,11,11:00am-11:59am,7,7,0,This section IS NOT on the NHS,1,Rural,5,Major Collector,2,County Highway Agency,4,County Road,CR-OTTO RD,,0,None,42.10375278,42.10375278,-103.074038890,-103.074038890,0,No Special Jurisdiction,1,Rollover/Overturn,0,The First Harmful Event was Not a Collision with a Motor Vehicle in Transport,0,No,1,Non-Junction,1,Not an Intersection,0,None,,,4,On Roadside,1,Daylight,,,,,1,Clear,0,No,0000000,Not Applicable,11,11:00am-11:59am,7,7,11,11:00am-11:59am,11,11,11,11:00am-11:59am,31,31,,,,,,,1,
2021,31,310145,Nebraska,1,1,0,1,1,1,1,173,THURSTON (173),0,NOT APPLICABLE,21,21,10,October,2021,5,Thursday,5,5:00am-5:59am,7,7,1,This section IS ON the NHS,1,Rural,3,Principal Arterial - Other,1,State Highway Agency,2,U.S. Highway,US-77,,1663,1663,42.16958333,42.16958333,-96.477552780,-96.477552780,0,No Special Jurisdiction,8,Pedestrian,0,The First Harmful Event was Not a Collision with a Motor Vehicle in Transport,0,No,1,Non-Junction,1,Not an Intersection,0,None,,,1,On Roadway,2,Dark - Not Lighted,,,,,1,Clear,0,No,0000000,Not Applicable,99,Unknown,99,Unknown,99,Unknown EMS Scene Arrival Hour,99,Unknown EMS Scene Arrival Minutes,88,"Not Applicable (Not Transported) ",88,Not Applicable (Not Transported),,,,,,,1,
2021,31,310146,Nebraska,1,1,0,0,0,1,1,47,DAWSON (47),0,NOT APPLICABLE,23,23,10,October,2021,7,Saturday,2,2:00am-2:59am,30,30,0,This section IS NOT on the NHS,1,Rural,4,Minor Arterial,1,State Highway Agency,3,State Highway,SR-21,,30,30,40.70340833,40.70340833,-99.997313890,-99.997313890,0,No Special Jurisdiction,1,Rollover/Overturn,0,The First Harmful Event was Not a Collision with a Motor Vehicle in Transport,0,No,1,Non-Junction,1,Not an Intersection,0,None,,,4,On Roadside,2,Dark - Not Lighted,,,,,1,Clear,0,No,0000000,Not Applicable,99,Unknown,99,Unknown,99,Unknown EMS Scene Arrival Hour,99,Unknown EMS Scene Arrival Minutes,99,Unknown,99,Unknown EMS Hospital Arrival Time,,,,,,,1,
2021,31,310147,Nebraska,1,1,0,0,0,1,1,139,PIERCE (139),0,NOT APPLICABLE,29,29,10,October,2021,6,Friday,9,9:00am-9:59am,0,0,0,This section IS NOT on the NHS,1,Rural,7,Local,2,County Highway Agency,4,County Road,CR-850TH RD,,0,None,42.14852500,42.14852500,-97.462597220,-97.462597220,0,No Special Jurisdiction,1,Rollover/Overturn,0,The First Harmful Event was Not a Collision with a Motor Vehicle in Transport,0,No,1,Non-Junction,1,Not an Intersection,0,None,,,4,On Roadside,1,Daylight,,,,,1,Clear,0,No,0000000,Not Applicable,9,9:00am-9:59am,19,19,9,9:00am-9:59am,30,30,88,"Not Applicable (Not Transported) ",88,Not Applicable (Not Transported),,,,,,,1,
2021,31,310148,Nebraska,1,1,0,0,0,1,1,109,LANCASTER (109),2830,LINCOLN,31,31,10,October,2021,1,Sunday,5,5:00am-5:59am,14,14,0,This section IS NOT on the NHS,2,Urban,4,Minor Arterial,4,City or Municipal Highway Agency,6,Local Street - Municipality,S 48TH ST,,0,None,40.77607222,40.77607222,-96.654113890,-96.654113890,0,No Special Jurisdiction,33,Curb,0,The First Harmful Event was Not a Collision with a Motor Vehicle in Transport,0,No,1,Non-Junction,1,Not an Intersection,0,None,,,4,On Roadside,3,Dark - Lighted,,,,,1,Clear,0,No,0000000,Not Applicable,5,5:00am-5:59am,16,16,5,5:00am-5:59am,20,20,88,"Not Applicable (Not Transported) ",88,Not Applicable (Not Transported),,,,,,,1,
2021,31,310149,Nebraska,3,3,0,0,0,4,4,55,DOUGLAS (55),3620,OMAHA,2,2,8,August,2021,2,Monday,17,5:00pm-5:59pm,29,29,0,This section IS NOT on the NHS,2,Urban,3,Principal Arterial - Other,4,City or Municipal Highway Agency,6,Local Street - Municipality,N 72ND,CASS ST,0,None,41.26330000,41.26330000,-96.023783330,-96.023783330,0,No Special Jurisdiction,12,Motor Vehicle In-Transport,6,Angle,0,No,2,Intersection,2,Four-Way Intersection,0,None,,,1,On Roadway,1,Daylight,,,,,10,Cloudy,0,No,0000000,Not Applicable,17,5:00pm-5:59pm,29,29,17,5:00pm-5:59pm,32,32,17,5:00pm-5:59pm,56,56,,,,,,,1,
2021,31,310150,Nebraska,2,2,0,0,0,2,2,55,DOUGLAS (55),3620,OMAHA,4,4,10,October,2021,2,Monday,5,5:00am-5:59am,47,47,1,This section IS ON the NHS,2,Urban,3,Principal Arterial - Other,1,State Highway Agency,3,State Highway,SR-64,NICHOLAS ST,766,766,41.27003056,41.27003056,-95.982900000,-95.982900000,0,No Special Jurisdiction,12,Motor Vehicle In-Transport,6,Angle,0,No,2,Intersection,2,Four-Way Intersection,0,None,,,1,On Roadway,3,Dark - Lighted,,,,,1,Clear,0,No,0000000,Not Applicable,5,5:00am-5:59am,47,47,5,5:00am-5:59am,50,50,88,"Not Applicable (Not Transported) ",88,Not Applicable (Not Transported),,,,,,,1,
2021,31,310151,Nebraska,1,1,0,0,0,4,4,109,LANCASTER (109),2830,LINCOLN,5,5,10,October,2021,3,Tuesday,99,Unknown Hours,99,Unknown Minutes,0,This section IS NOT on the NHS,2,Urban,4,Minor Arterial,4,City or Municipal Highway Agency,6,Local Street - Municipality,70TH ST,,0,None,40.87446389,40.87446389,-96.624588890,-96.624588890,0,No Special Jurisdiction,33,Curb,0,The First Harmful Event was Not a Collision with a Motor Vehicle in Transport,0,No,1,Non-Junction,1,Not an Intersection,0,None,,,4,On Roadside,3,Dark - Lighted,,,,,1,Clear,0,No,0000000,Not Applicable,0,0:00am-0:59am,45,45,0,0:00am-0:59am,51,51,99,Unknown,99,Unknown EMS Hospital Arrival Time,,,,,,,1,
2021,31,310152,Nebraska,1,1,0,1,1,1,1,109,LANCASTER (109),2830,LINCOLN,20,20,10,October,2021,4,Wednesday,6,6:00am-6:59am,50,50,1,This section IS ON the NHS,2,Urban,2,Principal Arterial - Other Freeways and Expressways,1,State Highway Agency,2,U.S. Highway,US-77,,99998,Not Reported,40.80541667,40.80541667,-96.749908330,-96.749908330,0,No Special Jurisdiction,8,Pedestrian,0,The First Harmful Event was Not a Collision with a Motor Vehicle in Transport,0,No,1,Non-Junction,1,Not an Intersection,0,None,,,1,On Roadway,3,Dark - Lighted,,,,,10,Cloudy,0,No,0000000,Not Applicable,6,6:00am-6:59am,51,51,6,6:00am-6:59am,58,58,88,"Not Applicable (Not Transported) ",88,Not Applicable (Not Transported),,,,,,,1,
2021,31,310153,Nebraska,1,1,0,0,0,1,1,55,DOUGLAS (55),3620,OMAHA,8,8,2,February,2021,2,Monday,3,3:00am-3:59am,57,57,1,This section IS ON the NHS,2,Urban,1,Interstate,1,State Highway Agency,1,Interstate,I-80,,4500,4500,41.22336944,41.22336944,-96.000277780,-96.000277780,0,No Special Jurisdiction,1,Rollover/Overturn,0,The First Harmful Event was Not a Collision with a Motor Vehicle in Transport,0,No,1,Non-Junction,1,Not an Intersection,0,None,,,4,On Roadside,3,Dark - Lighted,,,,,1,Clear,0,No,0000000,Not Applicable,3,3:00am-3:59am,57,57,4,4:00am-4:59am,6,6,88,"Not Applicable (Not Transported) ",88,Not Applicable (Not Transported),,,,,,,1,
2021,31,310154,Nebraska,1,1,0,0,0,1,1,55,DOUGLAS (55),3620,OMAHA,30,30,5,May,2021,1,Sunday,15,3:00pm-3:59pm,15,15,1,This section IS ON the NHS,2,Urban,1,Interstate,1,State Highway Agency,1,Interstate,I-80,,4503,4503,41.22224167,41.22224167,-96.005741670,-96.005741670,0,No Special Jurisdiction,30,Utility Pole/Light Support,0,The First Harmful Event was Not a Collision with a Motor Vehicle in Transport,1,Yes,5,Entrance/Exit Ramp Related,1,Not an Intersection,0,None,,,4,On Roadside,1,Daylight,,,,,10,Cloudy,0,No,0000000,Not Applicable,15,3:00pm-3:59pm,17,17,15,3:00pm-3:59pm,26,26,15,3:00pm-3:59pm,41,41,,,,,,,1,
2021,31,310155,Nebraska,1,1,0,0,0,1,1,55,DOUGLAS (55),3620,OMAHA,9,9,10,October,2021,7,Saturday,10,10:00am-10:59am,17,17,1,This section IS ON the NHS,2,Urban,1,Interstate,1,State Highway Agency,1,Interstate,I-80,,4450,4450,41.21080000,41.21080000,-96.089847220,-96.089847220,0,No Special Jurisdiction,35,Embankment,0,The First Harmful Event was Not a Collision with a Motor Vehicle in Transport,1,Yes,5,Entrance/Exit Ramp Related,1,Not an Intersection,0,None,,,4,On Roadside,1,Daylight,,,,,10,Cloudy,0,No,0000000,Not Applicable,10,10:00am-10:59am,18,18,10,10:00am-10:59am,28,28,88,"Not Applicable (Not Transported) ",88,Not Applicable (Not Transported),,,,,,,1,
2021,31,310156,Nebraska,1,1,0,0,0,1,1,55,DOUGLAS (55),3620,OMAHA,13,13,10,October,2021,4,Wednesday,19,7:00pm-7:59pm,0,0,1,This section IS ON the NHS,2,Urban,2,Principal Arterial - Other Freeways and Expressways,1,State Highway Agency,2,U.S. Highway,US-6,,99998,Not Reported,41.26325833,41.26325833,-96.077241670,-96.077241670,0,No Special Jurisdiction,24,Guardrail Face,0,The First Harmful Event was Not a Collision with a Motor Vehicle in Transport,0,No,1,Non-Junction,1,Not an Intersection,0,None,,,4,On Roadside,3,Dark - Lighted,,,,,1,Clear,0,No,0000000,Not Applicable,19,7:00pm-7:59pm,0,0,19,7:00pm-7:59pm,6,6,19,7:00pm-7:59pm,28,28,,,,,,,1,
2021,31,310157,Nebraska,2,2,0,1,1,4,4,55,DOUGLAS (55),3620,OMAHA,24,24,10,October,2021,1,Sunday,19,7:00pm-7:59pm,53,53,1,This section IS ON the NHS,2,Urban,2,Principal Arterial - Other Freeways and Expressways,1,State Highway Agency,2,U.S. Highway,US-75,,99998,Not Reported,41.27490833,41.27490833,-95.952347220,-95.952347220,0,No Special Jurisdiction,8,Pedestrian,0,The First Harmful Event was Not a Collision with a Motor Vehicle in Transport,0,No,1,Non-Junction,1,Not an Intersection,0,None,,,1,On Roadway,2,Dark - Not Lighted,,,,,2,Rain,0,No,0000000,Not Applicable,19,7:00pm-7:59pm,54,54,19,7:00pm-7:59pm,57,57,88,"Not Applicable (Not Transported) ",88,Not Applicable (Not Transported),,,,,,,1,
2021,31,310158,Nebraska,2,2,0,0,0,2,2,55,DOUGLAS (55),3620,OMAHA,28,28,10,October,2021,5,Thursday,23,11:00pm-11:59pm,26,26,0,This section IS NOT on the NHS,2,Urban,4,Minor Arterial,4,City or Municipal Highway Agency,6,Local Street - Municipality,ABBOTT DR,,0,None,41.27017778,41.27017778,-95.927730560,-95.927730560,0,No Special Jurisdiction,12,Motor Vehicle In-Transport,2,Front-to-Front,0,No,1,Non-Junction,1,Not an Intersection,0,None,,,1,On Roadway,3,Dark - Lighted,,,,,10,Cloudy,0,No,0000000,Not Applicable,23,11:00pm-11:59pm,26,26,23,11:00pm-11:59pm,31,31,88,"Not Applicable (Not Transported) ",88,Not Applicable (Not Transported),,,,,,,1,
2021,31,310159,Nebraska,1,1,0,0,0,1,1,107,KNOX (107),0,NOT APPLICABLE,13,13,10,October,2021,4,Wednesday,14,2:00pm-2:59pm,55,55,0,This section IS NOT on the NHS,1,Rural,4,Minor Arterial,1,State Highway Agency,3,State Highway,SR-84,,99998,Not Reported,42.59779722,42.59779722,-97.582844440,-97.582844440,0,No Special Jurisdiction,35,Embankment,0,The First Harmful Event was Not a Collision with a Motor Vehicle in Transport,0,No,1,Non-Junction,1,Not an Intersection,0,None,,,4,On Roadside,1,Daylight,,,,,6,Severe Crosswinds,0,No,0000000,Not Applicable,15,3:00pm-3:59pm,4,4,15,3:00pm-3:59pm,12,12,99,Unknown,99,Unknown EMS Hospital Arrival Time,,,,,,,1,
2021,31,310160,Nebraska,1,1,0,0,0,1,1,55,DOUGLAS (55),3620,OMAHA,3,3,11,November,2021,4,Wednesday,2,2:00am-2:59am,15,15,0,This section IS NOT on the NHS,2,Urban,7,Local,4,City or Municipal Highway Agency,6,Local Street - Municipality,SORENSEN PKWY,,0,None,41.32063333,41.32063333,-96.025902780,-96.025902780,0,No Special Jurisdiction,33,Curb,0,The First Harmful Event was Not a Collision with a Motor Vehicle in Transport,0,No,1,Non-Junction,1,Not an Intersection,0,None,,,4,On Roadside,3,Dark - Lighted,,,,,99,Reported as Unknown,0,No,0000000,Not Applicable,9,9:00am-9:59am,21,21,9,9:00am-9:59am,27,27,88,"Not Applicable (Not Transported) ",88,Not Applicable (Not Transported),,,,,,,1,
2021,31,310161,Nebraska,1,1,0,0,0,1,1,31,CHERRY (31),0,NOT APPLICABLE,5,5,11,November,2021,6,Friday,99,Unknown Hours,99,Unknown Minutes,1,This section IS ON the NHS,1,Rural,3,Principal Arterial - Other,1,State Highway Agency,2,U.S. Highway,US-83,,1675,1675,42.23186944,42.23186944,-100.534983330,-100.534983330,0,No Special Jurisdiction,1,Rollover/Overturn,0,The First Harmful Event was Not a Collision with a Motor Vehicle in Transport,0,No,1,Non-Junction,1,Not an Intersection,0,None,,,4,On Roadside,5,Dusk,,,,,1,Clear,0,No,0000000,Not Applicable,18,6:00pm-6:59pm,57,57,19,7:00pm-7:59pm,15,15,88,"Not Applicable (Not Transported) ",88,Not Applicable (Not Transported),,,,,,,1,
2021,31,310162,Nebraska,1,1,0,0,0,1,1,55,DOUGLAS (55),3620,OMAHA,5,5,11,November,2021,6,Friday,21,9:00pm-9:59pm,45,45,1,This section IS ON the NHS,2,Urban,1,Interstate,1,State Highway Agency,1,Interstate,I-80,,4535,4535,41.22469167,41.22469167,-95.950494440,-95.950494440,0,No Special Jurisdiction,1,Rollover/Overturn,0,The First Harmful Event was Not a Collision with a Motor Vehicle in Transport,1,Yes,5,Entrance/Exit Ramp Related,1,Not an Intersection,0,None,,,4,On Roadside,3,Dark - Lighted,,,,,1,Clear,0,No,0000000,Not Applicable,21,9:00pm-9:59pm,48,48,21,9:00pm-9:59pm,51,51,88,"Not Applicable (Not Transported) ",88,Not Applicable (Not Transported),,,,,,,1,
2021,31,310163,Nebraska,2,2,0,0,0,3,3,53,DODGE (53),1900,FREMONT,6,6,11,November,2021,7,Saturday,19,7:00pm-7:59pm,30,30,0,This section IS NOT on the NHS,2,Urban,4,Minor Arterial,4,City or Municipal Highway Agency,6,Local Street - Municipality,E 23RD ST,E 23RD AVE S,0,None,41.45114444,41.45114444,-96.467197220,-96.467197220,0,No Special Jurisdiction,12,Motor Vehicle In-Transport,6,Angle,0,No,2,Intersection,2,Four-Way Intersection,0,None,,,1,On Roadway,3,Dark - Lighted,,,,,1,Clear,0,No,0000000,Not Applicable,19,7:00pm-7:59pm,32,32,19,7:00pm-7:59pm,37,37,19,7:00pm-7:59pm,54,54,,,,,,,1,
2021,31,310164,Nebraska,1,1,0,0,0,1,1,25,CASS (25),0,NOT APPLICABLE,7,7,11,November,2021,1,Sunday,9,9:00am-9:59am,27,27,1,This section IS ON the NHS,1,Rural,3,Principal Arterial - Other,1,State Highway Agency,2,U.S. Highway,US-34,,3785,3785,40.99161944,40.99161944,-95.910633330,-95.910633330,0,No Special Jurisdiction,24,Guardrail Face,0,The First Harmful Event was Not a Collision with a Motor Vehicle in Transport,0,No,1,Non-Junction,1,Not an Intersection,4,"Work Zone, Type Unknown",,,4,On Roadside,1,Daylight,,,,,1,Clear,0,No,0000000,Not Applicable,9,9:00am-9:59am,44,44,10,10:00am-10:59am,5,5,10,10:00am-10:59am,43,43,,,,,,,1,
2021,31,310165,Nebraska,2,2,0,0,0,6,6,55,DOUGLAS (55),3620,OMAHA,5,5,8,August,2021,5,Thursday,13,1:00pm-1:59pm,8,8,0,This section IS NOT on the NHS,2,Urban,3,Principal Arterial - Other,4,City or Municipal Highway Agency,6,Local Street - Municipality,N 72ND ST,HARTMAN AVE,0,None,41.31036667,41.31036667,-96.023794440,-96.023794440,0,No Special Jurisdiction,12,Motor Vehicle In-Transport,6,Angle,0,No,2,Intersection,3,T-Intersection,0,None,,,1,On Roadway,1,Daylight,,,,,1,Clear,0,No,0000000,Not Applicable,13,1:00pm-1:59pm,9,9,13,1:00pm-1:59pm,13,13,13,1:00pm-1:59pm,46,46,,,,,,,1,
2021,31,310166,Nebraska,1,1,0,0,0,3,3,31,CHERRY (31),0,NOT APPLICABLE,17,17,10,October,2021,1,Sunday,99,Unknown Hours,99,Unknown Minutes,0,This section IS NOT on the NHS,1,Rural,7,Local,2,County Highway Agency,4,County Road,CR-ANDERSON BRIDGE RD,,0,None,42.86840833,42.86840833,-101.062813890,-101.062813890,0,No Special Jurisdiction,34,Ditch,0,The First Harmful Event was Not a Collision with a Motor Vehicle in Transport,0,No,1,Non-Junction,1,Not an Intersection,0,None,,,4,On Roadside,1,Daylight,,,,,1,Clear,0,No,0000000,Not Applicable,15,3:00pm-3:59pm,33,33,16,4:00pm-4:59pm,17,17,17,5:00pm-5:59pm,1,1,,,,,,,1,
2021,31,310167,Nebraska,2,2,0,0,0,2,2,55,DOUGLAS (55),3620,OMAHA,30,30,10,October,2021,7,Saturday,12,12:00pm-12:59pm,41,41,1,This section IS ON the NHS,2,Urban,3,Principal Arterial - Other,1,State Highway Agency,2,U.S. Highway,US-75,I-680 RAMP,973,973,41.34793611,41.34793611,-95.982013890,-95.982013890,0,No Special Jurisdiction,12,Motor Vehicle In-Transport,6,Angle,1,Yes,2,Intersection,2,Four-Way Intersection,0,None,,,1,On Roadway,1,Daylight,,,,,1,Clear,0,No,0000000,Not Applicable,12,12:00pm-12:59pm,41,41,12,12:00pm-12:59pm,49,49,13,1:00pm-1:59pm,16,16,,,,,,,1,
2021,31,310168,Nebraska,1,1,0,1,1,1,1,55,DOUGLAS (55),3620,OMAHA,31,31,10,October,2021,1,Sunday,2,2:00am-2:59am,56,56,0,This section IS NOT on the NHS,2,Urban,7,Local,4,City or Municipal Highway Agency,6,Local Street - Municipality,2412 S 21ST ST,,0,None,41.23651944,41.23651944,-95.944177780,-95.944177780,0,No Special Jurisdiction,8,Pedestrian,0,The First Harmful Event was Not a Collision with a Motor Vehicle in Transport,0,No,1,Non-Junction,1,Not an Intersection,0,None,,,1,On Roadway,3,Dark - Lighted,,,,,10,Cloudy,0,No,0000000,Not Applicable,2,2:00am-2:59am,56,56,3,3:00am-3:59am,1,1,99,Unknown,99,Unknown EMS Hospital Arrival Time,,,,,,,1,
2021,31,310169,Nebraska,1,1,0,0,0,1,1,55,DOUGLAS (55),3620,OMAHA,9,9,11,November,2021,3,Tuesday,11,11:00am-11:59am,28,28,1,This section IS ON the NHS,2,Urban,2,Principal Arterial - Other Freeways and Expressways,1,State Highway Agency,2,U.S. Highway,US-6,,3576,3576,41.26287778,41.26287778,-96.203397220,-96.203397220,0,No Special Jurisdiction,25,Concrete Traffic Barrier,0,The First Harmful Event was Not a Collision with a Motor Vehicle in Transport,0,No,1,Non-Junction,1,Not an Intersection,0,None,,,4,On Roadside,1,Daylight,,,,,10,Cloudy,0,No,0000000,Not Applicable,11,11:00am-11:59am,28,28,11,11:00am-11:59am,34,34,88,"Not Applicable (Not Transported) ",88,Not Applicable (Not Transported),,,,,,,1,
2021,31,310170,Nebraska,2,2,0,0,0,2,2,53,DODGE (53),0,NOT APPLICABLE,17,17,11,November,2021,4,Wednesday,15,3:00pm-3:59pm,27,27,1,This section IS ON the NHS,1,Rural,2,Principal Arterial - Other Freeways and Expressways,1,State Highway Agency,2,U.S. Highway,US-77,,1213,1213,41.52558333,41.52558333,-96.497200000,-96.497200000,0,No Special Jurisdiction,12,Motor Vehicle In-Transport,1,Front-to-Rear,0,No,1,Non-Junction,1,Not an Intersection,0,None,,,1,On Roadway,1,Daylight,,,,,1,Clear,0,No,0000000,Not Applicable,99,Unknown,98,Unknown if Notified,99,Unknown EMS Scene Arrival Hour,98,Unknown if Arrived,88,"Not Applicable (Not Transported) ",88,Not Applicable (Not Transported),,,,,,,1,