caseyear,state,st_case,statename,ve_total,ve_forms,pvh_invl,peds,pernotmvit,permvit,persons,county,countyname,city,cityname,day,dayname,month,monthname,year,day_week,day_weekname,hour,hourname,minute,minutename,nhs,nhsname,rur_urb,rur_urbname,func_sys,func_sysname,rd_owner,rd_ownername,route,routename,tway_id,tway_id2,milept,mileptname,latitude,latitudename,longitud,longitudname,sp_jur,sp_jurname,harm_ev,harm_evname,man_coll,man_collname,reljct1,reljct1name,reljct2,reljct2name,typ_int,typ_intname,wrk_zone,wrk_zonename,road_fnc,road_fncname,rel_road,rel_roadname,lgt_cond,lgt_condname,weather1,weather1name,weather2,weather2name,weather,weathername,sch_bus,sch_busname,rail,railname,not_hour,not_hourname,not_min,not_minname,arr_hour,arr_hourname,arr_min,arr_minname,hosp_hr,hosp_hrname,hosp_mn,hosp_mnname,cf1,cf1name,cf2,cf2name,cf3,cf3name,fatals,drunk_dr
2022,31,310016,Nebraska,1,1,0,0,0,1,1,121,MERRICK (121),0,NOT APPLICABLE,27,27,2,February,2022,1,Sunday,18,6:00pm-6:59pm,40,40,0,This section IS NOT on the NHS,1,Rural,7,Local,2,County Highway Agency,4,County Road,CR-5TH RD,,0,None,41.02368611,41.02368611,-98.206305560,-98.20630556,0,No Special Jurisdiction,1,Rollover/Overturn,0,The First Harmful Event was Not a Collision with a Motor Vehicle in Transport,0,No,1,Non-Junction,1,Not an Intersection,0,None,,,4,On Roadside,1,Daylight,,,,,1,Clear,0,No,0000000,Not Applicable,99,Unknown,99,Unknown,99,Unknown EMS Scene Arrival Hour,99,Unknown EMS Scene Arrival Minutes,88,"Not Applicable (Not Transported) ",88,Not Applicable (Not Transported),,,,,,,1,
2022,31,310017,Nebraska,2,2,0,0,0,4,4,109,LANCASTER (109),2830,LINCOLN,7,7,3,March,2022,2,Monday,20,8:00pm-8:59pm,41,41,0,This section IS NOT on the NHS,2,Urban,4,Minor Arterial,4,City or Municipal Highway Agency,6,Local Street - Municipality,N 70TH STREET,HOLDREGE ST,0,None,40.82797222,40.82797222,-96.624983330,-96.62498333,0,No Special Jurisdiction,12,Motor Vehicle In-Transport,2,Front-to-Front,0,No,2,Intersection,2,Four-Way Intersection,0,None,,,1,On Roadway,3,Dark - Lighted,,,,,1,Clear,0,No,0000000,Not Applicable,20,8:00pm-8:59pm,43,43,20,8:00pm-8:59pm,46,46,21,9:00pm-9:59pm,44,44,,,,,,,1,
2022,31,310018,Nebraska,3,3,0,0,0,6,6,159,SEWARD (159),0,NOT APPLICABLE,8,8,3,March,2022,3,Tuesday,5,5:00am-5:59am,41,41,1,This section IS ON the NHS,1,Rural,1,Interstate,1,State Highway Agency,1,Interstate,I-80,,1210,1210,40.82224444,40.82224444,-97.084822220,-97.08482222,0,No Special Jurisdiction,12,Motor Vehicle In-Transport,2,Front-to-Front,0,No,1,Non-Junction,1,Not an Intersection,0,None,,,1,On Roadway,2,Dark - Not Lighted,,,,,1,Clear,0,No,0000000,Not Applicable,5,5:00am-5:59am,49,49,6,6:00am-6:59am,19,19,6,6:00am-6:59am,58,58,,,,,,,3,
2022,31,310019,Nebraska,2,2,0,0,0,3,3,33,CHEYENNE (33),0,NOT APPLICABLE,9,9,3,March,2022,4,Wednesday,15,3:00pm-3:59pm,50,50,1,This section IS ON the NHS,1,Rural,1,Interstate,1,State Highway Agency,1,Interstate,I-80,,619,619,41.11303056,41.11303056,-102.923877780,-102.92387778,0,No Special Jurisdiction,12,Motor Vehicle In-Transport,6,Angle,0,No,1,Non-Junction,1,Not an Intersection,0,None,,,1,On Roadway,1,Daylight,,,,,11,Blowing Snow,0,No,0000000,Not Applicable,16,4:00pm-4:59pm,3,3,16,4:00pm-4:59pm,17,17,16,4:00pm-4:59pm,38,38,,,,,,,1,
2022,31,310020,Nebraska,7,7,0,0,0,8,8,153,SARPY (153),2745,LA VISTA,9,9,3,March,2022,4,Wednesday,8,8:00am-8:59am,12,12,1,This section IS ON the NHS,2,Urban,3,Principal Arterial - Other,4,City or Municipal Highway Agency,6,Local Street - Municipality,S 72ND ST,HARRISON ST,37,37,41.19041667,41.19041667,-96.023655560,-96.02365556,0,No Special Jurisdiction,12,Motor Vehicle In-Transport,1,Front-to-Rear,0,No,3,Intersection-Related,2,Four-Way Intersection,0,None,,,1,On Roadway,1,Daylight,,,,,1,Clear,0,No,0000000,Not Applicable,8,8:00am-8:59am,13,13,8,8:00am-8:59am,20,20,8,8:00am-8:59am,41,41,,,,,,,2,
2022,31,310021,Nebraska,1,1,0,0,0,2,2,79,HALL (79),2090,GRAND ISLAND,12,12,3,March,2022,7,Saturday,0,0:00am-0:59am,19,19,0,This section IS NOT on the NHS,2,Urban,7,Local,4,City or Municipal Highway Agency,6,Local Street - Municipality,CHERRY ST,,0,None,40.92232500,40.92232500,-98.328911110,-98.32891111,0,No Special Jurisdiction,42,Tree (Standing Only),0,The First Harmful Event was Not a Collision with a Motor Vehicle in Transport,0,No,1,Non-Junction,1,Not an Intersection,0,None,,,4,On Roadside,3,Dark - Lighted,,,,,1,Clear,0,No,0000000,Not Applicable,99,Unknown,99,Unknown,99,Unknown EMS Scene Arrival Hour,99,Unknown EMS Scene Arrival Minutes,88,"Not Applicable (Not Transported) ",88,Not Applicable (Not Transported),,,,,,,1,
2022,31,310022,Nebraska,2,2,0,0,0,2,2,109,LANCASTER (109),0,NOT APPLICABLE,7,7,3,March,2022,2,Monday,5,5:00am-5:59am,44,44,1,This section IS ON the NHS,1,Rural,2,Principal Arterial - Other Freeways and Expressways,1,State Highway Agency,3,State Highway,SR-2,,4668,4668,40.71152222,40.71152222,-96.489619440,-96.48961944,0,No Special Jurisdiction,12,Motor Vehicle In-Transport,6,Angle,0,No,1,Non-Junction,1,Not an Intersection,0,None,,,1,On Roadway,4,Dawn,,,,,4,Snow,0,No,0000000,Not Applicable,5,5:00am-5:59am,44,44,6,6:00am-6:59am,0,0,99,Unknown,99,Unknown EMS Hospital Arrival Time,,,,,,,1,
2022,31,310023,Nebraska,2,2,0,0,0,2,2,27,CEDAR (27),0,NOT APPLICABLE,9,9,3,March,2022,4,Wednesday,99,Unknown Hours,99,Unknown Minutes,1,This section IS ON the NHS,1,Rural,3,Principal Arterial - Other,1,State Highway Agency,2,U.S. Highway,US-81,SR-84,1988,1988,42.61277222,42.61277222,-97.426300000,-97.42630000,0,No Special Jurisdiction,12,Motor Vehicle In-Transport,6,Angle,0,No,2,Intersection,2,Four-Way Intersection,0,None,,,1,On Roadway,3,Dark - Lighted,,,,,1,Clear,0,No,0000000,Not Applicable,99,Unknown,99,Unknown,99,Unknown EMS Scene Arrival Hour,99,Unknown EMS Scene Arrival Minutes,99,Unknown,99,Unknown EMS Hospital Arrival Time,,,,,,,1,
2022,31,310024,Nebraska,1,1,0,1,1,1,1,79,HALL (79),2090,GRAND ISLAND,13,13,3,March,2022,1,Sunday,15,3:00pm-3:59pm,10,10,0,This section IS NOT on the NHS,2,Urban,4,Minor Arterial,4,City or Municipal Highway Agency,6,Local Street - Municipality,W 4TH ST,N PINE ST,0,None,40.92838611,40.92838611,-98.342041670,-98.34204167,0,No Special Jurisdiction,8,Pedestrian,0,The First Harmful Event was Not a Collision with a Motor Vehicle in Transport,0,No,3,Intersection-Related,2,Four-Way Intersection,0,None,,,1,On Roadway,1,Daylight,,,,,1,Clear,0,No,0000000,Not Applicable,15,3:00pm-3:59pm,10,10,15,3:00pm-3:59pm,17,17,88,"Not Applicable (Not Transported) ",88,Not Applicable (Not Transported),,,,,,,1,
2022,31,310025,Nebraska,2,2,0,0,0,2,2,181,WEBSTER (181),0,NOT APPLICABLE,16,16,3,March,2022,4,Wednesday,17,5:00pm-5:59pm,33,33,0,This section IS NOT on the NHS,1,Rural,5,Major Collector,1,State Highway Agency,3,State Highway,SR-78,,130,130,40.19576389,40.19576389,-98.330302780,-98.33030278,0,No Special Jurisdiction,12,Motor Vehicle In-Transport,2,Front-to-Front,0,No,1,Non-Junction,1,Not an Intersection,0,None,,,1,On Roadway,1,Daylight,,,,,1,Clear,0,No,0000000,Not Applicable,17,5:00pm-5:59pm,41,41,17,5:00pm-5:59pm,58,58,88,"Not Applicable (Not Transported) ",88,Not Applicable (Not Transported),,,,,,,1,
2022,31,310026,Nebraska,1,1,0,0,0,1,1,167,STANTON (167),0,NOT APPLICABLE,17,17,3,March,2022,5,Thursday,19,7:00pm-7:59pm,56,56,1,This section IS ON the NHS,1,Rural,3,Principal Arterial - Other,1,State Highway Agency,2,U.S. Highway,US-275,,800,800,42.01832222,42.01832222,-97.328005560,-97.32800556,0,No Special Jurisdiction,42,Tree (Standing Only),0,The First Harmful Event was Not a Collision with a Motor Vehicle in Transport,0,No,1,Non-Junction,1,Not an Intersection,0,None,,,4,On Roadside,5,Dusk,,,,,1,Clear,0,No,0000000,Not Applicable,19,7:00pm-7:59pm,58,58,20,8:00pm-8:59pm,6,6,20,8:00pm-8:59pm,46,46,,,,,,,1,
2022,31,310027,Nebraska,2,2,0,0,0,2,2,55,DOUGLAS (55),0,NOT APPLICABLE,18,18,3,March,2022,6,Friday,15,3:00pm-3:59pm,40,40,0,This section IS NOT on the NHS,2,Urban,4,Minor Arterial,2,County Highway Agency,4,County Road,CR-Q ST,,14,14,41.20505556,41.20505556,-96.220222220,-96.22022222,0,No Special Jurisdiction,33,Curb,0,The First Harmful Event was Not a Collision with a Motor Vehicle in Transport,0,No,1,Non-Junction,1,Not an Intersection,0,None,,,4,On Roadside,1,Daylight,,,,,10,Cloudy,0,No,0000000,Not Applicable,15,3:00pm-3:59pm,41,41,15,3:00pm-3:59pm,45,45,88,"Not Applicable (Not Transported) ",88,Not Applicable (Not Transported),,,,,,,1,
2022,31,310028,Nebraska,2,2,0,0,0,3,3,129,NUCKOLLS (129),0,NOT APPLICABLE,31,31,3,March,2022,5,Thursday,7,7:00am-7:59am,39,39,0,This section IS NOT on the NHS,1,Rural,4,Minor Arterial,1,State Highway Agency,3,State Highway,SR-8,,60,60,40.20409167,40.20409167,-98.067455560,-98.06745556,0,No Special Jurisdiction,12,Motor Vehicle In-Transport,2,Front-to-Front,0,No,1,Non-Junction,1,Not an Intersection,0,None,,,1,On Roadway,1,Daylight,,,,,1,Clear,0,No,0000000,Not Applicable,7,7:00am-7:59am,42,42,7,7:00am-7:59am,56,56,8,8:00am-8:59am,10,10,,,,,,,1,
2022,31,310029,Nebraska,1,1,0,0,0,2,2,159,SEWARD (159),0,NOT APPLICABLE,31,31,3,March,2022,5,Thursday,3,3:00am-3:59am,12,12,1,This section IS ON the NHS,1,Rural,1,Interstate,1,State Highway Agency,1,Interstate,I-80,,3808,3808,40.82223056,40.82223056,-97.068502780,-97.06850278,0,No Special Jurisdiction,24,Guardrail Face,0,The First Harmful Event was Not a Collision with a Motor Vehicle in Transport,0,No,1,Non-Junction,1,Not an Intersection,0,None,,,4,On Roadside,2,Dark - Not Lighted,,,,,4,Snow,0,No,0000000,Not Applicable,3,3:00am-3:59am,14,14,3,3:00am-3:59am,22,22,88,"Not Applicable (Not Transported) ",88,Not Applicable (Not Transported),,,,,,,2,
2022,31,310030,Nebraska,2,2,0,0,0,2,2,55,DOUGLAS (55),0,NOT APPLICABLE,7,7,4,April,2022,5,Thursday,6,6:00am-6:59am,45,45,0,This section IS NOT on the NHS,1,Rural,4,Minor Arterial,1,State Highway Agency,3,State Highway,SR-36,,168,168,41.36911944,41.36911944,-96.109075000,-96.10907500,0,No Special Jurisdiction,12,Motor Vehicle In-Transport,2,Front-to-Front,0,No,1,Non-Junction,1,Not an Intersection,0,None,,,1,On Roadway,1,Daylight,,,,,10,Cloudy,0,No,0000000,Not Applicable,6,6:00am-6:59am,48,48,6,6:00am-6:59am,54,54,7,7:00am-7:59am,21,21,,,,,,,2,
2022,31,310031,Nebraska,1,1,0,0,0,1,1,41,CUSTER (41),0,NOT APPLICABLE,8,8,4,April,2022,6,Friday,99,Unknown Hours,99,Unknown Minutes,0,This section IS NOT on the NHS,1,Rural,4,Minor Arterial,1,State Highway Agency,3,State Highway,SR-21,,552,552,41.18165278,41.18165278,-99.736602780,-99.73660278,0,No Special Jurisdiction,59,"Traffic Sign Support ",0,The First Harmful Event was Not a Collision with a Motor Vehicle in Transport,0,No,1,Non-Junction,1,Not an Intersection,0,None,,,4,On Roadside,1,Daylight,,,,,1,Clear,0,No,0000000,Not Applicable,99,Unknown,99,Unknown,99,Unknown EMS Scene Arrival Hour,99,Unknown EMS Scene Arrival Minutes,88,"Not Applicable (Not Transported) ",88,Not Applicable (Not Transported),,,,,,,1,
2022,31,310032,Nebraska,2,2,0,0,0,2,2,13,BOX BUTTE (13),0,NOT APPLICABLE,10,10,4,April,2022,1,Sunday,14,2:00pm-2:59pm,5,5,1,This section IS ON the NHS,1,Rural,3,Principal Arterial - Other,1,State Highway Agency,3,State Highway,SR-2,,924,924,42.09194444,42.09194444,-102.764591670,-102.76459167,0,No Special Jurisdiction,12,Motor Vehicle In-Transport,2,Front-to-Front,0,No,1,Non-Junction,1,Not an Intersection,0,None,,,1,On Roadway,1,Daylight,,,,,1,Clear,0,No,0000000,Not Applicable,14,2:00pm-2:59pm,8,8,14,2:00pm-2:59pm,16,16,14,2:00pm-2:59pm,22,22,,,,,,,1,
2022,31,310033,Nebraska,2,2,0,0,0,3,3,39,CUMING (39),0,NOT APPLICABLE,18,18,4,April,2022,2,Monday,17,5:00pm-5:59pm,8,8,0,This section IS NOT on the NHS,1,Rural,5,Major Collector,2,County Highway Agency,4,County Road,CR-N RD,CR-14 RD,20,20,41.93103611,41.93103611,-96.768136110,-96.76813611,0,No Special Jurisdiction,12,Motor Vehicle In-Transport,6,Angle,0,No,2,Intersection,2,Four-Way Intersection,0,None,,,1,On Roadway,1,Daylight,,,,,1,Clear,0,No,0000000,Not Applicable,17,5:00pm-5:59pm,12,12,17,5:00pm-5:59pm,19,19,17,5:00pm-5:59pm,38,38,,,,,,,1,
2022,31,310034,Nebraska,2,2,0,1,1,1,1,185,YORK (185),0,NOT APPLICABLE,21,21,4,April,2022,5,Thursday,7,7:00am-7:59am,30,30,0,This section IS NOT on the NHS,1,Rural,7,Local,2,County Highway Agency,4,County Road,CR-RD F,US-34,3,3,40.88706944,40.88706944,-97.730913890,-97.73091389,0,No Special Jurisdiction,12,Motor Vehicle In-Transport,1,Front-to-Rear,0,No,2,Intersection,2,Four-Way Intersection,0,None,,,1,On Roadway,3,Dark - Lighted,,,,,5,"Fog, Smog, Smoke",0,No,0000000,Not Applicable,7,7:00am-7:59am,34,34,7,7:00am-7:59am,47,47,88,"Not Applicable (Not Transported) ",88,Not Applicable (Not Transported),,,,,,,1,
2022,31,310035,Nebraska,4,4,0,0,0,5,5,153,SARPY (153),460,BELLEVUE,29,29,4,April,2022,6,Friday,14,2:00pm-2:59pm,52,52,1,This section IS ON the NHS,2,Urban,2,Principal Arterial - Other Freeways and Expressways,1,State Highway Agency,3,State Highway,"SR-370 ",GOLDEN BLVD,149,149,41.13764444,41.13764444,-95.957050000,-95.95705000,0,No Special Jurisdiction,12,Motor Vehicle In-Transport,6,Angle,0,No,2,Intersection,2,Four-Way Intersection,0,None,,,1,On Roadway,1,Daylight,,,,,10,Cloudy,0,No,0000000,Not Applicable,14,2:00pm-2:59pm,52,52,14,2:00pm-2:59pm,57,57,15,3:00pm-3:59pm,50,50,,,,,,,1,
2022,31,310036,Nebraska,2,2,0,0,0,2,2,81,HAMILTON (81),0,NOT APPLICABLE,3,3,5,May,2022,3,Tuesday,7,7:00am-7:59am,27,27,0,This section IS NOT on the NHS,1,Rural,4,Minor Arterial,1,State Highway Agency,3,State Highway,SR-14,,619,619,40.83758889,40.83758889,-97.996802780,-97.99680278,0,No Special Jurisdiction,12,Motor Vehicle In-Transport,2,Front-to-Front,0,No,1,Non-Junction,1,Not an Intersection,0,None,,,1,On Roadway,1,Daylight,,,,,10,Cloudy,0,No,0000000,Not Applicable,7,7:00am-7:59am,28,28,7,7:00am-7:59am,32,32,8,8:00am-8:59am,27,27,,,,,,,1,
2022,31,310037,Nebraska,2,2,0,0,0,2,2,1,ADAMS (1),2280,HASTINGS,18,18,5,May,2022,4,Wednesday,16,4:00pm-4:59pm,30,30,0,This section IS NOT on the NHS,1,Rural,4,Minor Arterial,1,State Highway Agency,2,U.S. Highway,US-6,SOUTH TECHNICAL BLVD,2176,2176,40.58240000,40.58240000,-98.326458330,-98.32645833,0,No Special Jurisdiction,12,Motor Vehicle In-Transport,6,Angle,0,No,2,Intersection,3,T-Intersection,0,None,,,1,On Roadway,1,Daylight,,,,,1,Clear,0,No,0000000,Not Applicable,16,4:00pm-4:59pm,36,36,16,4:00pm-4:59pm,45,45,88,"Not Applicable (Not Transported) ",88,Not Applicable (Not Transported),,,,,,,1,
2022,31,310038,Nebraska,1,1,0,0,0,2,2,67,GAGE (67),0,NOT APPLICABLE,21,21,5,May,2022,7,Saturday,17,5:00pm-5:59pm,55,55,0,This section IS NOT on the NHS,1,Rural,5,Major Collector,2,County Highway Agency,4,County Road,CR-LOCUST R,,213,213,40.21924444,40.21924444,-96.670455560,-96.67045556,0,No Special Jurisdiction,34,Ditch,0,The First Harmful Event was Not a Collision with a Motor Vehicle in Transport,0,No,1,Non-Junction,1,Not an Intersection,0,None,,,4,On Roadside,1,Daylight,,,,,1,Clear,0,No,0000000,Not Applicable,17,5:00pm-5:59pm,57,57,18,6:00pm-6:59pm,10,10,19,7:00pm-7:59pm,5,5,,,,,,,1,
2022,31,310039,Nebraska,2,2,0,0,0,2,2,177,WASHINGTON (177),0,NOT APPLICABLE,22,22,5,May,2022,1,Sunday,0,0:00am-0:59am,6,6,1,This section IS ON the NHS,1,Rural,3,Principal Arterial - Other,1,State Highway Agency,2,U.S. Highway,US-30,,4465,4465,41.48517500,41.48517500,-96.178472220,-96.17847222,0,No Special Jurisdiction,12,Motor Vehicle In-Transport,2,Front-to-Front,0,No,1,Non-Junction,1,Not an Intersection,0,None,,,1,On Roadway,2,Dark - Not Lighted,,,,,1,Clear,0,No,0000000,Not Applicable,0,0:00am-0:59am,8,8,0,0:00am-0:59am,17,17,0,0:00am-0:59am,33,33,,,,,,,1,
2022,31,310040,Nebraska,2,2,0,20,20,3,3,109,LANCASTER (109),2830,LINCOLN,29,29,5,May,2022,1,Sunday,22,10:00pm-10:59pm,46,46,1,This section IS ON the NHS,2,Urban,3,Principal Arterial - Other,1,State Highway Agency,2,U.S. Highway,US-34 O ST,N 52ND ST,3275,3275,40.81351944,40.81351944,-96.648772220,-96.64877222,0,No Special Jurisdiction,12,Motor Vehicle In-Transport,6,Angle,0,No,2,Intersection,2,Four-Way Intersection,0,None,,,1,On Roadway,3,Dark - Lighted,,,,,1,Clear,0,No,0000000,Not Applicable,22,10:00pm-10:59pm,47,47,22,10:00pm-10:59pm,50,50,23,11:00pm-11:59pm,13,13,,,,,,,2,
2022,31,310042,Nebraska,1,1,0,0,0,2,2,119,MADISON (119),0,NOT APPLICABLE,16,16,1,January,2022,1,Sunday,20,8:00pm-8:59pm,30,30,0,This section IS NOT on the NHS,1,Rural,7,Local,2,County Highway Agency,4,County Road,CR-544 AVENUE,,0,None,41.88981389,41.88981389,-97.639511110,-97.63951111,0,No Special Jurisdiction,1,Rollover/Overturn,0,The First Harmful Event was Not a Collision with a Motor Vehicle in Transport,0,No,1,Non-Junction,1,Not an Intersection,0,None,,,4,On Roadside,2,Dark - Not Lighted,,,,,1,Clear,0,No,0000000,Not Applicable,20,8:00pm-8:59pm,40,40,20,8:00pm-8:59pm,56,56,99,Unknown,99,Unknown EMS Hospital Arrival Time,,,,,,,1,
2022,31,310043,Nebraska,2,2,0,0,0,2,2,159,SEWARD (159),0,NOT APPLICABLE,18,18,1,January,2022,3,Tuesday,10,10:00am-10:59am,31,31,0,This section IS NOT on the NHS,1,Rural,4,Minor Arterial,1,State Highway Agency,3,State Highway,SR-34,238TH RD MATZKE HWY,3017,3017,40.90129444,40.90129444,-97.044152780,-97.04415278,0,No Special Jurisdiction,12,Motor Vehicle In-Transport,6,Angle,0,No,2,Intersection,2,Four-Way Intersection,0,None,,,1,On Roadway,1,Daylight,,,,,1,Clear,0,No,0000000,Not Applicable,10,10:00am-10:59am,31,31,10,10:00am-10:59am,39,39,11,11:00am-11:59am,3,3,,,,,,,2,
2022,31,310044,Nebraska,2,2,0,0,0,2,2,109,LANCASTER (109),0,NOT APPLICABLE,20,20,1,January,2022,5,Thursday,10,10:00am-10:59am,0,0,1,This section IS ON the NHS,1,Rural,3,Principal Arterial - Other,1,State Highway Agency,2,U.S. Highway,US-34,148TH ST,3347,3347,40.81301111,40.81301111,-96.520908330,-96.52090833,0,No Special Jurisdiction,12,Motor Vehicle In-Transport,6,Angle,0,No,2,Intersection,2,Four-Way Intersection,0,None,,,1,On Roadway,1,Daylight,,,,,1,Clear,0,No,0000000,Not Applicable,10,10:00am-10:59am,4,4,10,10:00am-10:59am,13,13,11,11:00am-11:59am,12,12,,,,,,,1,
2022,31,310045,Nebraska,1,1,0,1,1,1,1,55,DOUGLAS (55),3620,OMAHA,20,20,1,January,2022,5,Thursday,22,10:00pm-10:59pm,10,10,1,This section IS ON the NHS,2,Urban,3,Principal Arterial - Other,1,State Highway Agency,3,State Highway,SR-64 MAPLE ST,,728,728,41.28515000,41.28515000,-96.060455560,-96.06045556,0,No Special Jurisdiction,8,Pedestrian,0,The First Harmful Event was Not a Collision with a Motor Vehicle in Transport,0,No,1,Non-Junction,1,Not an Intersection,0,None,,,1,On Roadway,2,Dark - Not Lighted,,,,,1,Clear,0,No,0000000,Not Applicable,22,10:00pm-10:59pm,10,10,22,10:00pm-10:59pm,16,16,22,10:00pm-10:59pm,37,37,,,,,,,1,
2022,31,310046,Nebraska,1,1,0,0,0,5,5,159,SEWARD (159),0,NOT APPLICABLE,22,22,1,January,2022,7,Saturday,14,2:00pm-2:59pm,46,46,0,This section IS NOT on the NHS,1,Rural,7,Local,2,County Highway Agency,4,County Road,CR-210TH RD,BLUFF RD,0,None,40.91334444,40.91334444,-97.006066670,-97.00606667,0,No Special Jurisdiction,1,Rollover/Overturn,0,The First Harmful Event was Not a Collision with a Motor Vehicle in Transport,0,No,3,Intersection-Related,3,T-Intersection,0,None,,,4,On Roadside,1,Daylight,,,,,1,Clear,0,No,0000000,Not Applicable,14,2:00pm-2:59pm,55,55,15,3:00pm-3:59pm,6,6,15,3:00pm-3:59pm,33,33,,,,,,,1,
2022,31,310047,Nebraska,1,1,0,0,0,1,1,25,CASS (25),0,NOT APPLICABLE,23,23,1,January,2022,1,Sunday,16,4:00pm-4:59pm,5,5,0,This section IS NOT on the NHS,1,Rural,7,Local,2,County Highway Agency,4,County Road,CR-286TH,,0,None,40.85586389,40.85586389,-96.312933330,-96.31293333,0,No Special Jurisdiction,1,Rollover/Overturn,0,The First Harmful Event was Not a Collision with a Motor Vehicle in Transport,0,No,1,Non-Junction,1,Not an Intersection,0,None,,,4,On Roadside,1,Daylight,,,,,10,Cloudy,0,No,0000000,Not Applicable,16,4:00pm-4:59pm,7,7,16,4:00pm-4:59pm,16,16,88,"Not Applicable (Not Transported) ",88,Not Applicable (Not Transported),,,,,,,1,
2022,31,310048,Nebraska,3,3,0,0,0,5,5,101,KEITH (101),0,NOT APPLICABLE,24,24,1,January,2022,2,Monday,18,6:00pm-6:59pm,50,50,1,This section IS ON the NHS,1,Rural,1,Interstate,1,State Highway Agency,1,Interstate,I-80,,2427,2427,41.12067778,41.12067778,-101.655730560,-101.65573056,0,No Special Jurisdiction,1,Rollover/Overturn,0,The First Harmful Event was Not a Collision with a Motor Vehicle in Transport,0,No,1,Non-Junction,1,Not an Intersection,0,None,,,3,On Median,2,Dark - Not Lighted,,,,,1,Clear,0,No,0000000,Not Applicable,19,7:00pm-7:59pm,0,0,19,7:00pm-7:59pm,20,20,88,"Not Applicable (Not Transported) ",88,Not Applicable (Not Transported),,,,,,,1,
2022,31,310049,Nebraska,2,2,0,0,0,2,2,109,LANCASTER (109),2830,LINCOLN,28,28,1,January,2022,6,Friday,9,9:00am-9:59am,20,20,0,This section IS NOT on the NHS,1,Rural,4,Minor Arterial,2,County Highway Agency,4,County Road,CR-SALT CREEK ROADWAY,CR-N ANTELOPE VALLEY PKWY,0,None,40.82691944,40.82691944,-96.698738890,-96.69873889,0,No Special Jurisdiction,12,Motor Vehicle In-Transport,6,Angle,0,No,2,Intersection,2,Four-Way Intersection,0,None,,,1,On Roadway,1,Daylight,,,,,1,Clear,0,No,0000000,Not Applicable,9,9:00am-9:59am,20,20,9,9:00am-9:59am,24,24,9,9:00am-9:59am,57,57,,,,,,,1,
2022,31,310050,Nebraska,1,1,0,0,0,1,1,53,DODGE (53),0,NOT APPLICABLE,29,29,1,January,2022,7,Saturday,15,3:00pm-3:59pm,21,21,1,This section IS ON the NHS,1,Rural,3,Principal Arterial - Other,1,State Highway Agency,2,U.S. Highway,US-275,,1279,1279,41.69438333,41.69438333,-96.699411110,-96.69941111,0,No Special Jurisdiction,1,Rollover/Overturn,0,The First Harmful Event was Not a Collision with a Motor Vehicle in Transport,0,No,1,Non-Junction,1,Not an Intersection,0,None,,,4,On Roadside,1,Daylight,,,,,1,Clear,0,No,0000000,Not Applicable,15,3:00pm-3:59pm,23,23,15,3:00pm-3:59pm,28,28,15,3:00pm-3:59pm,43,43,,,,,,,1,
2022,31,310051,Nebraska,2,2,0,0,0,6,6,81,HAMILTON (81),0,NOT APPLICABLE,30,30,1,January,2022,1,Sunday,6,6:00am-6:59am,8,8,1,This section IS ON the NHS,1,Rural,1,Interstate,1,State Highway Agency,1,Interstate,I-80,,3191,3191,40.82097500,40.82097500,-98.273230560,-98.27323056,0,No Special Jurisdiction,12,Motor Vehicle In-Transport,2,Front-to-Front,0,No,1,Non-Junction,1,Not an Intersection,0,None,,,1,On Roadway,2,Dark - Not Lighted,,,,,1,Clear,0,No,0000000,Not Applicable,6,6:00am-6:59am,9,9,6,6:00am-6:59am,23,23,6,6:00am-6:59am,59,59,,,,,,,1,
2022,31,310052,Nebraska,2,2,0,0,0,2,2,105,KIMBALL (105),0,NOT APPLICABLE,3,3,2,February,2022,5,Thursday,99,Unknown Hours,99,Unknown Minutes,1,This section IS ON the NHS,1,Rural,1,Interstate,1,State Highway Agency,1,Interstate,I-80,,40,40,41.19266389,41.19266389,-103.978872220,-103.97887222,0,No Special Jurisdiction,12,Motor Vehicle In-Transport,1,Front-to-Rear,0,No,1,Non-Junction,1,Not an Intersection,0,None,,,1,On Roadway,2,Dark - Not Lighted,,,,,1,Clear,0,No,0000000,Not Applicable,99,Unknown,99,Unknown,99,Unknown EMS Scene Arrival Hour,99,Unknown EMS Scene Arrival Minutes,88,"Not Applicable (Not Transported) ",88,Not Applicable (Not Transported),,,,,,,1,
2022,31,310053,Nebraska,1,1,0,0,0,1,1,109,LANCASTER (109),2830,LINCOLN,6,6,2,February,2022,1,Sunday,6,6:00am-6:59am,57,57,0,This section IS NOT on the NHS,2,Urban,3,Principal Arterial - Other,4,City or Municipal Highway Agency,6,Local Street - Municipality,NEBRASKA PARKWAY,S 14TH ST,23,23,40.77178056,40.77178056,-96.701758330,-96.70175833,0,No Special Jurisdiction,33,Curb,0,The First Harmful Event was Not a Collision with a Motor Vehicle in Transport,1,Yes,3,Intersection-Related,2,Four-Way Intersection,0,None,,,8,Gore,4,Dawn,,,,,1,Clear,0,No,0000000,Not Applicable,6,6:00am-6:59am,59,59,7,7:00am-7:59am,4,4,7,7:00am-7:59am,28,28,,,,,,,1,