caseyear,state,st_case,statename,ve_total,ve_forms,pvh_invl,peds,pernotmvit,permvit,persons,county,countyname,city,cityname,day,dayname,month,monthname,year,day_week,day_weekname,hour,hourname,minute,minutename,nhs,nhsname,rur_urb,rur_urbname,func_sys,func_sysname,rd_owner,rd_ownername,route,routename,tway_id,tway_id2,milept,mileptname,latitude,latitudename,longitud,longitudname,sp_jur,sp_jurname,harm_ev,harm_evname,man_coll,man_collname,reljct1,reljct1name,reljct2,reljct2name,typ_int,typ_intname,wrk_zone,wrk_zonename,road_fnc,road_fncname,rel_road,rel_roadname,lgt_cond,lgt_condname,weather1,weather1name,weather2,weather2name,weather,weathername,sch_bus,sch_busname,rail,railname,not_hour,not_hourname,not_min,not_minname,arr_hour,arr_hourname,arr_min,arr_minname,hosp_hr,hosp_hrname,hosp_mn,hosp_mnname,cf1,cf1name,cf2,cf2name,cf3,cf3name,fatals,drunk_dr
2022,31,310054,Nebraska,2,2,0,0,0,2,2,169,THAYER (169),0,NOT APPLICABLE,17,17,3,March,2022,5,Thursday,18,6:00pm-6:59pm,30,30,1,This section IS ON the NHS,1,Rural,2,Principal Arterial - Other Freeways and Expressways,1,State Highway Agency,2,U.S. Highway,US-81,,141,141,40.18287222,40.18287222,-97.575702780,-97.57570278,0,No Special Jurisdiction,12,Motor Vehicle In-Transport,2,Front-to-Front,0,No,1,Non-Junction,1,Not an Intersection,0,None,,,1,On Roadway,1,Daylight,,,,,1,Clear,0,No,0000000,Not Applicable,18,6:00pm-6:59pm,33,33,18,6:00pm-6:59pm,39,39,18,6:00pm-6:59pm,50,50,,,,,,,1,
2022,31,310055,Nebraska,1,1,0,1,1,1,1,81,HAMILTON (81),0,NOT APPLICABLE,29,29,3,March,2022,3,Tuesday,22,10:00pm-10:59pm,10,10,1,This section IS ON the NHS,1,Rural,3,Principal Arterial - Other,1,State Highway Agency,2,U.S. Highway,US-34,,3385,3385,40.87232222,40.87232222,-98.222841670,-98.22284167,0,No Special Jurisdiction,8,Pedestrian,0,The First Harmful Event was Not a Collision with a Motor Vehicle in Transport,0,No,1,Non-Junction,1,Not an Intersection,0,None,,,1,On Roadway,2,Dark - Not Lighted,,,,,7,"Blowing Sand, Soil, Dirt",0,No,0000000,Not Applicable,22,10:00pm-10:59pm,38,38,22,10:00pm-10:59pm,50,50,88,"Not Applicable (Not Transported) ",88,Not Applicable (Not Transported),,,,,,,1,
2022,31,310056,Nebraska,1,1,0,0,0,1,1,157,SCOTTS BLUFF (157),0,NOT APPLICABLE,24,24,4,April,2022,1,Sunday,2,2:00am-2:59am,45,45,0,This section IS NOT on the NHS,1,Rural,7,Local,1,State Highway Agency,4,County Road,CR-12,,30,30,41.95616389,41.95616389,-103.852608330,-103.85260833,0,No Special Jurisdiction,32,Culvert,0,The First Harmful Event was Not a Collision with a Motor Vehicle in Transport,0,No,1,Non-Junction,1,Not an Intersection,0,None,,,4,On Roadside,2,Dark - Not Lighted,,,,,6,Severe Crosswinds,0,No,0000000,Not Applicable,2,2:00am-2:59am,51,51,2,2:00am-2:59am,58,58,88,"Not Applicable (Not Transported) ",88,Not Applicable (Not Transported),,,,,,,1,
2022,31,310057,Nebraska,2,2,0,0,0,3,3,73,GOSPER (73),0,NOT APPLICABLE,7,7,4,April,2022,5,Thursday,16,4:00pm-4:59pm,55,55,0,This section IS NOT on the NHS,1,Rural,4,Minor Arterial,1,State Highway Agency,2,U.S. Highway,US-283,,278,278,40.41610833,40.41610833,-99.896338890,-99.89633889,0,No Special Jurisdiction,12,Motor Vehicle In-Transport,2,Front-to-Front,0,No,1,Non-Junction,1,Not an Intersection,0,None,,,1,On Roadway,1,Daylight,,,,,5,"Fog, Smog, Smoke",0,No,0000000,Not Applicable,17,5:00pm-5:59pm,1,1,17,5:00pm-5:59pm,6,6,17,5:00pm-5:59pm,48,48,,,,,,,1,
2022,31,310058,Nebraska,1,1,0,0,0,1,1,105,KIMBALL (105),0,NOT APPLICABLE,26,26,5,May,2022,5,Thursday,23,11:00pm-11:59pm,17,17,0,This section IS NOT on the NHS,1,Rural,4,Minor Arterial,2,County Highway Agency,6,Local Street - Municipality,41 E,,36,36,41.27009722,41.27009722,-103.661363890,-103.66136389,0,No Special Jurisdiction,34,Ditch,0,The First Harmful Event was Not a Collision with a Motor Vehicle in Transport,1,Yes,5,Entrance/Exit Ramp Related,1,Not an Intersection,0,None,,,4,On Roadside,3,Dark - Lighted,,,,,1,Clear,0,No,0000000,Not Applicable,99,Unknown,98,Unknown if Notified,99,Unknown EMS Scene Arrival Hour,98,Unknown if Arrived,88,"Not Applicable (Not Transported) ",88,Not Applicable (Not Transported),,,,,,,1,
2022,31,310059,Nebraska,2,2,0,0,0,2,2,89,HOLT (89),0,NOT APPLICABLE,20,20,4,April,2022,4,Wednesday,9,9:00am-9:59am,46,46,0,This section IS NOT on the NHS,1,Rural,5,Major Collector,1,State Highway Agency,3,State Highway,SR-45A,866TH RD,30,30,42.37897778,42.37897778,-98.417269440,-98.41726944,0,No Special Jurisdiction,12,Motor Vehicle In-Transport,2,Front-to-Front,0,No,2,Intersection,2,Four-Way Intersection,0,None,,,1,On Roadway,1,Daylight,,,,,1,Clear,0,No,0000000,Not Applicable,99,Unknown,98,Unknown if Notified,99,Unknown EMS Scene Arrival Hour,98,Unknown if Arrived,88,"Not Applicable (Not Transported) ",88,Not Applicable (Not Transported),,,,,,,1,
2022,31,310060,Nebraska,2,2,0,0,0,2,2,109,LANCASTER (109),0,NOT APPLICABLE,26,26,4,April,2022,3,Tuesday,13,1:00pm-1:59pm,25,25,0,This section IS NOT on the NHS,2,Urban,4,Minor Arterial,2,County Highway Agency,6,Local Street - Municipality,S 70TH ST,,35,35,40.73777222,40.73777222,-96.625344440,-96.62534444,0,No Special Jurisdiction,12,Motor Vehicle In-Transport,2,Front-to-Front,0,No,1,Non-Junction,1,Not an Intersection,0,None,,,1,On Roadway,1,Daylight,,,,,1,Clear,0,No,0000000,Not Applicable,13,1:00pm-1:59pm,35,35,13,1:00pm-1:59pm,37,37,14,2:00pm-2:59pm,30,30,,,,,,,1,
2022,31,310061,Nebraska,2,2,0,0,0,3,3,85,HAYES (85),0,NOT APPLICABLE,8,8,5,May,2022,1,Sunday,15,3:00pm-3:59pm,35,35,0,This section IS NOT on the NHS,1,Rural,3,Principal Arterial - Other,1,State Highway Agency,2,U.S. Highway,US-6,,480,480,40.38997222,40.38997222,-101.267900000,-101.26790000,0,No Special Jurisdiction,12,Motor Vehicle In-Transport,2,Front-to-Front,0,No,1,Non-Junction,1,Not an Intersection,0,None,,,1,On Roadway,1,Daylight,,,,,1,Clear,0,No,0000000,Not Applicable,99,Unknown,99,Unknown,99,Unknown EMS Scene Arrival Hour,99,Unknown EMS Scene Arrival Minutes,99,Unknown,99,Unknown EMS Hospital Arrival Time,,,,,,,1,
2022,31,310062,Nebraska,2,2,0,0,0,2,2,159,SEWARD (159),0,NOT APPLICABLE,10,10,5,May,2022,3,Tuesday,7,7:00am-7:59am,48,48,0,This section IS NOT on the NHS,1,Rural,4,Minor Arterial,1,State Highway Agency,2,U.S. Highway,US-34,,3037,3037,40.90117222,40.90117222,-97.008027780,-97.00802778,0,No Special Jurisdiction,12,Motor Vehicle In-Transport,2,Front-to-Front,0,No,1,Non-Junction,1,Not an Intersection,0,None,,,1,On Roadway,1,Daylight,,,,,1,Clear,0,No,0000000,Not Applicable,99,Unknown,98,Unknown if Notified,99,Unknown EMS Scene Arrival Hour,98,Unknown if Arrived,88,"Not Applicable (Not Transported) ",88,Not Applicable (Not Transported),,,,,,,1,
2022,31,310063,Nebraska,2,2,0,0,0,2,2,145,RED WILLOW (145),2970,MCCOOK,11,11,5,May,2022,4,Wednesday,21,9:00pm-9:59pm,31,31,1,This section IS ON the NHS,2,Urban,3,Principal Arterial - Other,1,State Highway Agency,2,U.S. Highway,US-83,US-34,158,158,40.19965833,40.19965833,-100.644583330,-100.64458333,0,No Special Jurisdiction,12,Motor Vehicle In-Transport,6,Angle,0,No,2,Intersection,3,T-Intersection,0,None,,,1,On Roadway,3,Dark - Lighted,,,,,1,Clear,0,No,0000000,Not Applicable,21,9:00pm-9:59pm,32,32,21,9:00pm-9:59pm,36,36,21,9:00pm-9:59pm,50,50,,,,,,,1,
2022,31,310064,Nebraska,2,2,0,0,0,3,3,39,CUMING (39),0,NOT APPLICABLE,14,14,5,May,2022,7,Saturday,0,0:00am-0:59am,3,3,1,This section IS ON the NHS,1,Rural,3,Principal Arterial - Other,1,State Highway Agency,2,U.S. Highway,US-275,,1078,1078,41.96191667,41.96191667,-96.878402780,-96.87840278,0,No Special Jurisdiction,12,Motor Vehicle In-Transport,2,Front-to-Front,0,No,1,Non-Junction,1,Not an Intersection,0,None,,,1,On Roadway,2,Dark - Not Lighted,,,,,1,Clear,0,No,0000000,Not Applicable,0,0:00am-0:59am,5,5,0,0:00am-0:59am,20,20,0,0:00am-0:59am,41,41,,,,,,,1,
2022,31,310065,Nebraska,2,2,0,0,0,3,3,79,HALL (79),0,NOT APPLICABLE,16,16,5,May,2022,2,Monday,21,9:00pm-9:59pm,48,48,0,This section IS NOT on the NHS,1,Rural,4,Minor Arterial,1,State Highway Agency,2,U.S. Highway,US-30,,3037,3037,40.83123333,40.83123333,-98.563044440,-98.56304444,0,No Special Jurisdiction,12,Motor Vehicle In-Transport,2,Front-to-Front,0,No,1,Non-Junction,1,Not an Intersection,0,None,,,1,On Roadway,2,Dark - Not Lighted,,,,,10,Cloudy,0,No,0000000,Not Applicable,21,9:00pm-9:59pm,48,48,21,9:00pm-9:59pm,56,56,22,10:00pm-10:59pm,26,26,,,,,,,1,
2022,31,310066,Nebraska,1,1,0,1,1,1,1,83,HARLAN (83),0,NOT APPLICABLE,19,19,5,May,2022,5,Thursday,21,9:00pm-9:59pm,8,8,1,This section IS ON the NHS,1,Rural,3,Principal Arterial - Other,1,State Highway Agency,2,U.S. Highway,US-183,US-136,90,90,40.13263056,40.13263056,-99.367619440,-99.36761944,0,No Special Jurisdiction,8,Pedestrian,0,The First Harmful Event was Not a Collision with a Motor Vehicle in Transport,0,No,3,Intersection-Related,2,Four-Way Intersection,0,None,,,1,On Roadway,3,Dark - Lighted,,,,,1,Clear,0,No,0000000,Not Applicable,99,Unknown,99,Unknown,99,Unknown EMS Scene Arrival Hour,99,Unknown EMS Scene Arrival Minutes,88,"Not Applicable (Not Transported) ",88,Not Applicable (Not Transported),,,,,,,1,
2022,31,310067,Nebraska,2,1,1,0,1,1,2,145,RED WILLOW (145),2970,MCCOOK,8,8,6,June,2022,4,Wednesday,8,8:00am-8:59am,58,58,0,This section IS NOT on the NHS,2,Urban,4,Minor Arterial,4,City or Municipal Highway Agency,6,Local Street - Municipality,W Q ST,,16,16,40.21386944,40.21386944,-100.636588890,-100.63658889,0,No Special Jurisdiction,45,"Working Motor Vehicle ",0,The First Harmful Event was Not a Collision with a Motor Vehicle in Transport,0,No,1,Non-Junction,1,Not an Intersection,3,Utility,,,1,On Roadway,1,Daylight,,,,,10,Cloudy,0,No,0000000,Not Applicable,9,9:00am-9:59am,1,1,9,9:00am-9:59am,4,4,9,9:00am-9:59am,27,27,,,,,,,1,
2022,31,310068,Nebraska,2,2,0,0,0,3,3,47,DAWSON (47),0,NOT APPLICABLE,10,10,6,June,2022,6,Friday,12,12:00pm-12:59pm,6,6,1,This section IS ON the NHS,1,Rural,1,Interstate,1,State Highway Agency,1,Interstate,I-80,,3341,3341,40.85801389,40.85801389,-100.015961110,-100.01596111,0,No Special Jurisdiction,12,Motor Vehicle In-Transport,6,Angle,0,No,1,Non-Junction,1,Not an Intersection,1,Construction,,,1,On Roadway,1,Daylight,,,,,1,Clear,0,No,0000000,Not Applicable,12,12:00pm-12:59pm,6,6,12,12:00pm-12:59pm,16,16,12,12:00pm-12:59pm,37,37,,,,,,,1,
2022,31,310069,Nebraska,1,1,0,0,0,1,1,165,SIOUX (165),0,NOT APPLICABLE,10,10,6,June,2022,6,Friday,22,10:00pm-10:59pm,0,0,0,This section IS NOT on the NHS,1,Rural,5,Major Collector,2,County Highway Agency,6,Local Street - Municipality,PINK SCHOOL HOUSE RD,,8,8,42.44614167,42.44614167,-103.590713890,-103.59071389,0,No Special Jurisdiction,1,Rollover/Overturn,0,The First Harmful Event was Not a Collision with a Motor Vehicle in Transport,0,No,1,Non-Junction,1,Not an Intersection,0,None,,,4,On Roadside,2,Dark - Not Lighted,,,,,1,Clear,0,No,0000000,Not Applicable,22,10:00pm-10:59pm,1,1,22,10:00pm-10:59pm,42,42,88,"Not Applicable (Not Transported) ",88,Not Applicable (Not Transported),,,,,,,1,
2022,31,310070,Nebraska,3,3,0,0,0,3,3,109,LANCASTER (109),2830,LINCOLN,11,11,6,June,2022,7,Saturday,21,9:00pm-9:59pm,46,46,1,This section IS ON the NHS,2,Urban,3,Principal Arterial - Other,4,City or Municipal Highway Agency,6,Local Street - Municipality,S 84TH ST,AUGUSTA DR,51,51,40.76122222,40.76122222,-96.605966670,-96.60596667,0,No Special Jurisdiction,12,Motor Vehicle In-Transport,6,Angle,0,No,2,Intersection,2,Four-Way Intersection,0,None,,,1,On Roadway,3,Dark - Lighted,,,,,99,Reported as Unknown,0,No,0000000,Not Applicable,21,9:00pm-9:59pm,47,47,21,9:00pm-9:59pm,50,50,21,9:00pm-9:59pm,59,59,,,,,,,1,
2022,31,310071,Nebraska,2,2,0,0,0,3,3,123,MORRILL (123),0,NOT APPLICABLE,11,11,6,June,2022,7,Saturday,16,4:00pm-4:59pm,18,18,1,This section IS ON the NHS,1,Rural,3,Principal Arterial - Other,1,State Highway Agency,2,U.S. Highway,US-6,,578,578,41.67045000,41.67045000,-103.168647220,-103.16864722,0,No Special Jurisdiction,12,Motor Vehicle In-Transport,6,Angle,0,No,8,Driveway Access Related,1,Not an Intersection,0,None,,,1,On Roadway,1,Daylight,,,,,1,Clear,0,No,0000000,Not Applicable,16,4:00pm-4:59pm,18,18,16,4:00pm-4:59pm,23,23,17,5:00pm-5:59pm,14,14,,,,,,,1,
2022,31,310072,Nebraska,1,1,0,0,0,2,2,173,THURSTON (173),0,NOT APPLICABLE,13,13,6,June,2022,2,Monday,15,3:00pm-3:59pm,36,36,0,This section IS NOT on the NHS,1,Rural,5,Major Collector,2,County Highway Agency,6,Local Street - Municipality,H AVE,,197,197,42.17665000,42.17665000,-96.477863890,-96.47786389,0,No Special Jurisdiction,10,Railway Vehicle,0,The First Harmful Event was Not a Collision with a Motor Vehicle in Transport,0,No,6,"Railway Grade Crossing ",1,Not an Intersection,0,None,,,1,On Roadway,1,Daylight,,,,,1,Clear,0,No,070241E,070241E,15,3:00pm-3:59pm,36,36,15,3:00pm-3:59pm,48,48,16,4:00pm-4:59pm,6,6,,,,,,,2,
2022,31,310073,Nebraska,2,2,0,0,0,4,4,123,MORRILL (123),0,NOT APPLICABLE,14,14,6,June,2022,3,Tuesday,12,12:00pm-12:59pm,44,44,1,This section IS ON the NHS,1,Rural,3,Principal Arterial - Other,1,State Highway Agency,2,U.S. Highway,US-385,,851,851,41.82176389,41.82176389,-103.143677780,-103.14367778,0,No Special Jurisdiction,12,Motor Vehicle In-Transport,2,Front-to-Front,0,No,7,"Crossover-Related ",1,Not an Intersection,4,"Work Zone, Type Unknown",,,1,On Roadway,1,Daylight,,,,,1,Clear,0,No,0000000,Not Applicable,12,12:00pm-12:59pm,45,45,12,12:00pm-12:59pm,57,57,13,1:00pm-1:59pm,46,46,,,,,,,2,
2022,31,310074,Nebraska,2,2,0,0,0,5,5,49,DEUEL (49),0,NOT APPLICABLE,18,18,6,June,2022,7,Saturday,23,11:00pm-11:59pm,14,14,1,This section IS ON the NHS,1,Rural,1,Interstate,1,State Highway Agency,1,Interstate,I-80,,1964,1964,41.08740000,41.08740000,-102.499869440,-102.49986944,0,No Special Jurisdiction,12,Motor Vehicle In-Transport,1,Front-to-Rear,0,No,1,Non-Junction,1,Not an Intersection,0,None,,,1,On Roadway,2,Dark - Not Lighted,,,,,1,Clear,0,No,0000000,Not Applicable,23,11:00pm-11:59pm,14,14,23,11:00pm-11:59pm,30,30,0,0:00am-0:59am,2,2,,,,,,,1,
2022,31,310075,Nebraska,1,1,0,0,0,5,5,25,CASS (25),0,NOT APPLICABLE,19,19,6,June,2022,1,Sunday,22,10:00pm-10:59pm,9,9,0,This section IS NOT on the NHS,2,Urban,6,Minor Collector,2,County Highway Agency,6,Local Street - Municipality,84TH ST,,100,100,41.00037222,41.00037222,-96.044627780,-96.04462778,0,No Special Jurisdiction,1,Rollover/Overturn,0,The First Harmful Event was Not a Collision with a Motor Vehicle in Transport,0,No,1,Non-Junction,1,Not an Intersection,0,None,,,4,On Roadside,2,Dark - Not Lighted,,,,,1,Clear,0,No,0000000,Not Applicable,22,10:00pm-10:59pm,14,14,22,10:00pm-10:59pm,25,25,23,11:00pm-11:59pm,21,21,,,,,,,1,
2022,31,310076,Nebraska,2,2,0,0,0,2,2,119,MADISON (119),0,NOT APPLICABLE,21,21,6,June,2022,3,Tuesday,14,2:00pm-2:59pm,15,15,0,This section IS NOT on the NHS,1,Rural,7,Local,2,County Highway Agency,6,Local Street - Municipality,VICTORY RD,,15,15,42.07193611,42.07193611,-97.387691670,-97.38769167,0,No Special Jurisdiction,12,Motor Vehicle In-Transport,1,Front-to-Rear,0,No,1,Non-Junction,1,Not an Intersection,0,None,,,1,On Roadway,1,Daylight,,,,,1,Clear,0,No,0000000,Not Applicable,14,2:00pm-2:59pm,16,16,14,2:00pm-2:59pm,22,22,14,2:00pm-2:59pm,48,48,,,,,,,1,
2022,31,310077,Nebraska,1,1,0,0,0,1,1,121,MERRICK (121),0,NOT APPLICABLE,28,28,6,June,2022,3,Tuesday,99,Unknown Hours,99,Unknown Minutes,0,This section IS NOT on the NHS,1,Rural,4,Minor Arterial,1,State Highway Agency,4,County Road,CR-14,,914,914,41.25469167,41.25469167,-97.983122220,-97.98312222,0,No Special Jurisdiction,1,Rollover/Overturn,0,The First Harmful Event was Not a Collision with a Motor Vehicle in Transport,0,No,1,Non-Junction,1,Not an Intersection,0,None,,,4,On Roadside,9,Reported as Unknown,,,,,99,Reported as Unknown,0,No,0000000,Not Applicable,88,Not Applicable (Not Notified),88,Not Applicable (Not Notified),88,Not Applicable,88,Not Applicable,88,"Not Applicable (Not Transported) ",88,Not Applicable (Not Transported),,,,,,,1,
2022,31,310078,Nebraska,2,2,0,0,0,2,2,25,CASS (25),0,NOT APPLICABLE,22,22,6,June,2022,4,Wednesday,22,10:00pm-10:59pm,44,44,0,This section IS NOT on the NHS,1,Rural,5,Major Collector,2,County Highway Agency,4,County Road,CR-3750 BAY RD,,58,58,41.04567500,41.04567500,-95.930872220,-95.93087222,0,No Special Jurisdiction,12,Motor Vehicle In-Transport,2,Front-to-Front,0,No,1,Non-Junction,1,Not an Intersection,0,None,,,1,On Roadway,2,Dark - Not Lighted,,,,,1,Clear,0,No,0000000,Not Applicable,22,10:00pm-10:59pm,45,45,22,10:00pm-10:59pm,53,53,23,11:00pm-11:59pm,39,39,,,,,,,1,
2022,31,310079,Nebraska,2,2,0,0,0,3,3,139,PIERCE (139),0,NOT APPLICABLE,8,8,2,February,2022,3,Tuesday,18,6:00pm-6:59pm,25,25,1,This section IS ON the NHS,1,Rural,3,Principal Arterial - Other,1,State Highway Agency,2,U.S. Highway,US-81,,1628,1628,42.09215556,42.09215556,-97.426586110,-97.42658611,0,No Special Jurisdiction,12,Motor Vehicle In-Transport,6,Angle,0,No,8,Driveway Access Related,1,Not an Intersection,0,None,,,1,On Roadway,5,Dusk,,,,,1,Clear,0,No,0000000,Not Applicable,99,Unknown,99,Unknown,99,Unknown EMS Scene Arrival Hour,99,Unknown EMS Scene Arrival Minutes,99,Unknown,99,Unknown EMS Hospital Arrival Time,,,,,,,1,
2022,31,310080,Nebraska,2,2,0,0,0,2,2,109,LANCASTER (109),2830,LINCOLN,1,1,3,March,2022,3,Tuesday,16,4:00pm-4:59pm,50,50,0,This section IS NOT on the NHS,2,Urban,4,Minor Arterial,4,City or Municipal Highway Agency,8,Other,S 70TH ST,,44,44,40.75153611,40.75153611,-96.625233330,-96.62523333,0,No Special Jurisdiction,12,Motor Vehicle In-Transport,7,Sideswipe - Same Direction,0,No,1,Non-Junction,1,Not an Intersection,0,None,,,1,On Roadway,1,Daylight,,,,,1,Clear,0,No,0000000,Not Applicable,16,4:00pm-4:59pm,57,57,17,5:00pm-5:59pm,2,2,17,5:00pm-5:59pm,35,35,,,,,,,1,
2022,31,310081,Nebraska,2,2,0,0,0,5,5,165,SIOUX (165),0,NOT APPLICABLE,25,25,3,March,2022,6,Friday,19,7:00pm-7:59pm,29,29,1,This section IS ON the NHS,1,Rural,3,Principal Arterial - Other,1,State Highway Agency,2,U.S. Highway,US-20,,144,144,42.68401111,42.68401111,-103.785097220,-103.78509722,0,No Special Jurisdiction,12,Motor Vehicle In-Transport,2,Front-to-Front,0,No,1,Non-Junction,1,Not an Intersection,0,None,,,1,On Roadway,5,Dusk,,,,,1,Clear,0,No,0000000,Not Applicable,19,7:00pm-7:59pm,35,35,20,8:00pm-8:59pm,2,2,99,Unknown,99,Unknown EMS Hospital Arrival Time,,,,,,,2,
2022,31,310082,Nebraska,1,1,0,0,0,3,3,177,WASHINGTON (177),0,NOT APPLICABLE,12,12,5,May,2022,5,Thursday,13,1:00pm-1:59pm,3,3,0,This section IS NOT on the NHS,1,Rural,5,Major Collector,2,County Highway Agency,6,Local Street - Municipality,CR-P33,,21,21,41.59629444,41.59629444,-96.126372220,-96.12637222,0,No Special Jurisdiction,1,Rollover/Overturn,0,The First Harmful Event was Not a Collision with a Motor Vehicle in Transport,0,No,1,Non-Junction,1,Not an Intersection,0,None,,,1,On Roadway,1,Daylight,,,,,6,Severe Crosswinds,0,No,0000000,Not Applicable,13,1:00pm-1:59pm,4,4,13,1:00pm-1:59pm,14,14,13,1:00pm-1:59pm,27,27,,,,,,,1,
2022,31,310083,Nebraska,1,1,0,1,1,1,1,109,LANCASTER (109),2830,LINCOLN,10,10,5,May,2022,3,Tuesday,21,9:00pm-9:59pm,15,15,1,This section IS ON the NHS,2,Urban,3,Principal Arterial - Other,1,State Highway Agency,3,State Highway,SR-6 W O ST,NW 20TH ST,3138,3138,40.81374722,40.81374722,-96.749213890,-96.74921389,0,No Special Jurisdiction,8,Pedestrian,0,The First Harmful Event was Not a Collision with a Motor Vehicle in Transport,0,No,3,Intersection-Related,2,Four-Way Intersection,0,None,,,1,On Roadway,3,Dark - Lighted,,,,,1,Clear,0,No,0000000,Not Applicable,21,9:00pm-9:59pm,18,18,21,9:00pm-9:59pm,22,22,21,9:00pm-9:59pm,42,42,,,,,,,1,
2022,31,310084,Nebraska,1,1,0,0,0,1,1,151,SALINE (151),1910,FRIEND,21,21,6,June,2022,3,Tuesday,17,5:00pm-5:59pm,20,20,0,This section IS NOT on the NHS,1,Rural,7,Local,2,County Highway Agency,6,Local Street - Municipality,CR-800,,27,27,40.65807778,40.65807778,-97.236052780,-97.23605278,0,No Special Jurisdiction,10,Railway Vehicle,0,The First Harmful Event was Not a Collision with a Motor Vehicle in Transport,0,No,6,"Railway Grade Crossing ",1,Not an Intersection,0,None,,,1,On Roadway,1,Daylight,,,,,1,Clear,0,No,073345W,073345W,17,5:00pm-5:59pm,29,29,17,5:00pm-5:59pm,36,36,88,"Not Applicable (Not Transported) ",88,Not Applicable (Not Transported),,,,,,,1,
2022,31,310085,Nebraska,2,2,0,0,0,2,2,111,LINCOLN (111),3520,NORTH PLATTE,1,1,7,July,2022,6,Friday,8,8:00am-8:59am,15,15,1,This section IS ON the NHS,2,Urban,3,Principal Arterial - Other,1,State Highway Agency,3,State Highway,SR-83,W WALKER RD,800,800,41.10459167,41.10459167,-100.764058330,-100.76405833,0,No Special Jurisdiction,12,Motor Vehicle In-Transport,6,Angle,0,No,2,Intersection,2,Four-Way Intersection,0,None,,,1,On Roadway,1,Daylight,,,,,1,Clear,0,No,0000000,Not Applicable,8,8:00am-8:59am,16,16,8,8:00am-8:59am,23,23,88,"Not Applicable (Not Transported) ",88,Not Applicable (Not Transported),,,,,,,1,
2022,31,310087,Nebraska,2,2,0,0,0,5,5,53,DODGE (53),0,NOT APPLICABLE,9,9,7,July,2022,7,Saturday,19,7:00pm-7:59pm,11,11,1,This section IS ON the NHS,2,Urban,3,Principal Arterial - Other,1,State Highway Agency,2,U.S. Highway,US-30,CR-19,4235,4235,41.45149722,41.45149722,-96.558655560,-96.55865556,0,No Special Jurisdiction,12,Motor Vehicle In-Transport,6,Angle,0,No,2,Intersection,2,Four-Way Intersection,0,None,,,1,On Roadway,1,Daylight,,,,,1,Clear,0,No,0000000,Not Applicable,19,7:00pm-7:59pm,15,15,19,7:00pm-7:59pm,24,24,19,7:00pm-7:59pm,50,50,,,,,,,2,
2022,31,310088,Nebraska,2,2,0,0,0,2,2,153,SARPY (153),0,NOT APPLICABLE,14,14,7,July,2022,5,Thursday,14,2:00pm-2:59pm,35,35,1,This section IS ON the NHS,2,Urban,3,Principal Arterial - Other,1,State Highway Agency,4,County Road,CR-50 S 144TH ST,CHANDLER RD,888,888,41.18354444,41.18354444,-96.138822220,-96.13882222,0,No Special Jurisdiction,12,Motor Vehicle In-Transport,6,Angle,0,No,2,Intersection,2,Four-Way Intersection,0,None,,,1,On Roadway,1,Daylight,,,,,1,Clear,0,No,0000000,Not Applicable,14,2:00pm-2:59pm,39,39,14,2:00pm-2:59pm,42,42,15,3:00pm-3:59pm,0,0,,,,,,,1,
2022,31,310089,Nebraska,3,3,0,0,0,3,3,53,DODGE (53),1900,FREMONT,15,15,7,July,2022,6,Friday,10,10:00am-10:59am,9,9,0,This section IS NOT on the NHS,2,Urban,4,Minor Arterial,1,State Highway Agency,2,U.S. Highway,US-30,LUTHER RD,40,40,41.47579722,41.47579722,-96.463630560,-96.46363056,0,No Special Jurisdiction,12,Motor Vehicle In-Transport,6,Angle,0,No,2,Intersection,2,Four-Way Intersection,0,None,,,1,On Roadway,1,Daylight,,,,,1,Clear,0,No,0000000,Not Applicable,10,10:00am-10:59am,10,10,10,10:00am-10:59am,16,16,10,10:00am-10:59am,30,30,,,,,,,1,
2022,31,310090,Nebraska,1,1,0,0,0,3,3,97,JOHNSON (97),0,NOT APPLICABLE,16,16,7,July,2022,7,Saturday,22,10:00pm-10:59pm,38,38,1,This section IS ON the NHS,1,Rural,3,Principal Arterial - Other,1,State Highway Agency,2,U.S. Highway,US-136,,2132,2132,40.37816389,40.37816389,-96.129552780,-96.12955278,0,No Special Jurisdiction,38,Fence,0,The First Harmful Event was Not a Collision with a Motor Vehicle in Transport,0,No,1,Non-Junction,1,Not an Intersection,0,None,,,4,On Roadside,2,Dark - Not Lighted,,,,,10,Cloudy,0,No,0000000,Not Applicable,22,10:00pm-10:59pm,38,38,22,10:00pm-10:59pm,43,43,22,10:00pm-10:59pm,59,59,,,,,,,1,
2022,31,310091,Nebraska,1,1,0,0,0,2,2,55,DOUGLAS (55),3620,OMAHA,13,13,7,July,2022,4,Wednesday,19,7:00pm-7:59pm,24,24,1,This section IS ON the NHS,2,Urban,2,Principal Arterial - Other Freeways and Expressways,1,State Highway Agency,3,State Highway,SR-3 WEST DODGE RD RAMP,,3642,3642,41.26396111,41.26396111,-96.078308330,-96.07830833,0,No Special Jurisdiction,1,Rollover/Overturn,0,The First Harmful Event was Not a Collision with a Motor Vehicle in Transport,1,Yes,5,Entrance/Exit Ramp Related,1,Not an Intersection,0,None,,,8,Gore,1,Daylight,,,,,1,Clear,0,No,0000000,Not Applicable,19,7:00pm-7:59pm,24,24,19,7:00pm-7:59pm,27,27,19,7:00pm-7:59pm,49,49,,,,,,,1,
2022,31,310092,Nebraska,1,1,0,0,0,1,1,55,DOUGLAS (55),3620,OMAHA,23,23,6,June,2022,5,Thursday,18,6:00pm-6:59pm,43,43,1,This section IS ON the NHS,1,Rural,1,Interstate,1,State Highway Agency,1,Interstate,I-80,,1842,1842,41.22376944,41.22376944,-96.079713890,-96.07971389,0,No Special Jurisdiction,1,Rollover/Overturn,0,The First Harmful Event was Not a Collision with a Motor Vehicle in Transport,1,Yes,5,Entrance/Exit Ramp Related,1,Not an Intersection,0,None,,,8,Gore,1,Daylight,,,,,1,Clear,0,No,0000000,Not Applicable,18,6:00pm-6:59pm,44,44,18,6:00pm-6:59pm,54,54,19,7:00pm-7:59pm,9,9,,,,,,,1,